name,time,beacon,rssi,scanner
SequenceRSSI,1578021613566000000,0117C55D14E4,-77,DB8B36A69C56
SequenceRSSI,1578021613640000000,0117C55D14E4,-64,DF231643E227
SequenceRSSI,1578021613718000000,0117C55D14E4,-74,E6D9D20DD197
SequenceRSSI,1578021613774000000,0117C55D14E4,-63,DF231643E227
SequenceRSSI,1578021613893000000,0117C55D14E4,-65,E13B805C6CB0
SequenceRSSI,1578021614033000000,0117C55D14E4,-64,CD4533FFC0E1
SequenceRSSI,1578021614073000000,0117C55D14E4,-63,DF231643E227
SequenceRSSI,1578021614187000000,0117C55D14E4,-92,C400A2E19293
SequenceRSSI,1578021614196000000,0117C55D14E4,-71,F69A86823B96
SequenceRSSI,1578021614233000000,0117C55D14E4,-67,CD4533FFC0E1
SequenceRSSI,1578021614279000000,0117C55D14E4,-72,EC72840D9AD3
SequenceRSSI,1578021614283000000,0117C55D14E4,-77,DB8B36A69C56
SequenceRSSI,1578021614291000000,0117C55D14E4,-62,DF231643E227
SequenceRSSI,1578021614294000000,0117C55D14E4,-74,E6D9D20DD197
SequenceRSSI,1578021614304000000,0117C55D14E4,-75,FDAE5980F28C
SequenceRSSI,1578021614344000000,0117C55D14E4,-91,E43355CA8B96
SequenceRSSI,1578021614449000000,0117C55D14E4,-73,F69A86823B96
SequenceRSSI,1578021614475000000,0117C55D14E4,-77,FDAE5980F28C
SequenceRSSI,1578021614480000000,0117C55D14E4,-62,DF231643E227
SequenceRSSI,1578021614608000000,0117C55D14E4,-79,FDAE5980F28C
SequenceRSSI,1578021614610000000,0117C55D14E4,-72,EC72840D9AD3
SequenceRSSI,1578021614696000000,0117C55D14E4,-67,E13B805C6CB0
SequenceRSSI,1578021614774000000,0117C55D14E4,-74,E6D9D20DD197
SequenceRSSI,1578021614775000000,0117C55D14E4,-67,E96AF2C858BA
SequenceRSSI,1578021614817000000,0117C55D14E4,-66,CD4533FFC0E1
SequenceRSSI,1578021614818000000,0117C55D14E4,-62,DF231643E227
SequenceRSSI,1578021614818000000,0117C55D14E4,-68,E96AF2C858BA
SequenceRSSI,1578021614844000000,0117C55D14E4,-73,E96AF2C858BA
SequenceRSSI,1578021614908000000,0117C55D14E4,-67,CD4533FFC0E1
SequenceRSSI,1578021614952000000,0117C55D14E4,-88,C400A2E19293
SequenceRSSI,1578021614958000000,0117C55D14E4,-60,DF231643E227
SequenceRSSI,1578021615101000000,0117C55D14E4,-73,E6D9D20DD197
SequenceRSSI,1578021615106000000,0117C55D14E4,-64,DF231643E227
SequenceRSSI,1578021615120000000,0117C55D14E4,-74,CD4533FFC0E1
SequenceRSSI,1578021615171000000,0117C55D14E4,-81,E43355CA8B96
SequenceRSSI,1578021615247000000,0117C55D14E4,-92,E96AF2C858BA
SequenceRSSI,1578021615247000000,0117C55D14E4,-82,E6D9D20DD197
SequenceRSSI,1578021615348000000,0117C55D14E4,-91,F1EDAF28E08A
SequenceRSSI,1578021615400000000,0117C55D14E4,-67,E13B805C6CB0
SequenceRSSI,1578021615519000000,0117C55D14E4,-78,E6D9D20DD197
SequenceRSSI,1578021615524000000,0117C55D14E4,-96,E96AF2C858BA
SequenceRSSI,1578021615580000000,0117C55D14E4,-70,F1307ECB3B90
SequenceRSSI,1578021615583000000,0117C55D14E4,-94,F1EDAF28E08A
SequenceRSSI,1578021615656000000,0117C55D14E4,-75,DF231643E227
SequenceRSSI,1578021615746000000,0117C55D14E4,-72,F1307ECB3B90
SequenceRSSI,1578021615754000000,0117C55D14E4,-77,E6D9D20DD197
SequenceRSSI,1578021615787000000,0117C55D14E4,-73,E6D9D20DD197
SequenceRSSI,1578021615931000000,0117C55D14E4,-75,E13B805C6CB0
SequenceRSSI,1578021615995000000,0117C55D14E4,-66,DF231643E227
SequenceRSSI,1578021615995000000,0117C55D14E4,-73,DD697EA75B68
SequenceRSSI,1578021616128000000,0117C55D14E4,-64,E13B805C6CB0
SequenceRSSI,1578021616128000000,0117C55D14E4,-70,F1307ECB3B90
SequenceRSSI,1578021616128000000,0117C55D14E4,-72,E96AF2C858BA
SequenceRSSI,1578021616128000000,0117C55D14E4,-79,D2B6503554D7
SequenceRSSI,1578021616128000000,0117C55D14E4,-74,EC72840D9AD3
SequenceRSSI,1578021616138000000,0117C55D14E4,-75,E6D9D20DD197
SequenceRSSI,1578021616221000000,0117C55D14E4,-69,CD4533FFC0E1
SequenceRSSI,1578021616276000000,0117C55D14E4,-75,F69A86823B96
SequenceRSSI,1578021616276000000,0117C55D14E4,-73,E13B805C6CB0
SequenceRSSI,1578021616342000000,0117C55D14E4,-77,CD4533FFC0E1
SequenceRSSI,1578021616373000000,0117C55D14E4,-71,F69A86823B96
SequenceRSSI,1578021616396000000,0117C55D14E4,-72,F1307ECB3B90
SequenceRSSI,1578021616409000000,0117C55D14E4,-76,E96AF2C858BA
SequenceRSSI,1578021616504000000,0117C55D14E4,-70,E96AF2C858BA
SequenceRSSI,1578021616579000000,0117C55D14E4,-72,E6D9D20DD197
SequenceRSSI,1578021616581000000,0117C55D14E4,-95,E8FD0B453DC4
SequenceRSSI,1578021616744000000,0117C55D14E4,-64,DF231643E227
SequenceRSSI,1578021616869000000,0117C55D14E4,-73,E6D9D20DD197
SequenceRSSI,1578021617040000000,0117C55D14E4,-93,FB2EE01C18CE
SequenceRSSI,1578021617151000000,0117C55D14E4,-93,FB2EE01C18CE
SequenceRSSI,1578021617152000000,0117C55D14E4,-94,FB2EE01C18CE
SequenceRSSI,1578021617177000000,0117C55D14E4,-73,E96AF2C858BA
SequenceRSSI,1578021617237000000,0117C55D14E4,-82,E96AF2C858BA
SequenceRSSI,1578021617424000000,0117C55D14E4,-97,F1EDAF28E08A
SequenceRSSI,1578021617456000000,0117C55D14E4,-95,F1EDAF28E08A
SequenceRSSI,1578021617492000000,0117C55D14E4,-73,E96AF2C858BA
SequenceRSSI,1578021617525000000,0117C55D14E4,-90,F1EDAF28E08A
SequenceRSSI,1578021617682000000,0117C55D14E4,-94,F1EDAF28E08A
SequenceRSSI,1578021617761000000,0117C55D14E4,-83,CD4533FFC0E1
SequenceRSSI,1578021617791000000,0117C55D14E4,-63,DF231643E227
SequenceRSSI,1578021617807000000,0117C55D14E4,-75,E96AF2C858BA
SequenceRSSI,1578021617836000000,0117C55D14E4,-88,FB2EE01C18CE
SequenceRSSI,1578021618105000000,0117C55D14E4,-69,E96AF2C858BA
SequenceRSSI,1578021618187000000,0117C55D14E4,-80,F69A86823B96
SequenceRSSI,1578021618188000000,0117C55D14E4,-71,E13B805C6CB0
SequenceRSSI,1578021618191000000,0117C55D14E4,-85,F69A86823B96
SequenceRSSI,1578021618229000000,0117C55D14E4,-68,DF231643E227
SequenceRSSI,1578021618229000000,0117C55D14E4,-88,F69A86823B96
SequenceRSSI,1578021618331000000,0117C55D14E4,-71,E96AF2C858BA
SequenceRSSI,1578021618391000000,0117C55D14E4,-82,FB2EE01C18CE
SequenceRSSI,1578021618502000000,0117C55D14E4,-68,E6D9D20DD197
SequenceRSSI,1578021618504000000,0117C55D14E4,-68,E6D9D20DD197
SequenceRSSI,1578021618513000000,0117C55D14E4,-68,E6D9D20DD197
SequenceRSSI,1578021618536000000,0117C55D14E4,-76,E96AF2C858BA
SequenceRSSI,1578021618540000000,0117C55D14E4,-88,CD4533FFC0E1
SequenceRSSI,1578021618547000000,0117C55D14E4,-75,E6D9D20DD197
SequenceRSSI,1578021618549000000,0117C55D14E4,-84,D2B6503554D7
SequenceRSSI,1578021618549000000,0117C55D14E4,-74,E6D9D20DD197
SequenceRSSI,1578021618549000000,0117C55D14E4,-87,FDAE5980F28C
SequenceRSSI,1578021618580000000,0117C55D14E4,-65,DF231643E227
SequenceRSSI,1578021618613000000,0117C55D14E4,-70,E96AF2C858BA
SequenceRSSI,1578021618674000000,0117C55D14E4,-75,F69A86823B96
SequenceRSSI,1578021618740000000,0117C55D14E4,-71,CD4533FFC0E1
SequenceRSSI,1578021618749000000,0117C55D14E4,-89,D2B6503554D7
SequenceRSSI,1578021618750000000,0117C55D14E4,-82,DD697EA75B68
SequenceRSSI,1578021618763000000,0117C55D14E4,-78,E6D9D20DD197
SequenceRSSI,1578021618803000000,0117C55D14E4,-76,E96AF2C858BA
SequenceRSSI,1578021618819000000,0117C55D14E4,-80,EC72840D9AD3
SequenceRSSI,1578021618875000000,0117C55D14E4,-72,E6D9D20DD197
SequenceRSSI,1578021619005000000,0117C55D14E4,-65,DF231643E227
SequenceRSSI,1578021619005000000,0117C55D14E4,-83,FB2EE01C18CE
SequenceRSSI,1578021619168000000,0117C55D14E4,-70,E6D9D20DD197
SequenceRSSI,1578021619260000000,0117C55D14E4,-91,D2B6503554D7
SequenceRSSI,1578021619325000000,0117C55D14E4,-87,E6D9D20DD197
SequenceRSSI,1578021619326000000,0117C55D14E4,-85,CD4533FFC0E1
SequenceRSSI,1578021619396000000,0117C55D14E4,-76,E96AF2C858BA
SequenceRSSI,1578021619539000000,0117C55D14E4,-77,E13B805C6CB0
SequenceRSSI,1578021619540000000,0117C55D14E4,-80,E13B805C6CB0
SequenceRSSI,1578021619635000000,0117C55D14E4,-77,E6D9D20DD197
SequenceRSSI,1578021619654000000,0117C55D14E4,-75,CD4533FFC0E1
SequenceRSSI,1578021619747000000,0117C55D14E4,-64,DF231643E227
SequenceRSSI,1578021619879000000,0117C55D14E4,-69,E6D9D20DD197
SequenceRSSI,1578021619881000000,0117C55D14E4,-68,E96AF2C858BA
SequenceRSSI,1578021619923000000,0117C55D14E4,-94,E43355CA8B96
SequenceRSSI,1578021620055000000,0117C55D14E4,-71,E6D9D20DD197
SequenceRSSI,1578021620153000000,0117C55D14E4,-69,E96AF2C858BA
SequenceRSSI,1578021620158000000,0117C55D14E4,-84,DF231643E227
SequenceRSSI,1578021620158000000,0117C55D14E4,-80,E96AF2C858BA
SequenceRSSI,1578021620212000000,0117C55D14E4,-70,E6D9D20DD197
SequenceRSSI,1578021620291000000,0117C55D14E4,-81,F69A86823B96
SequenceRSSI,1578021620329000000,0117C55D14E4,-74,F69A86823B96
SequenceRSSI,1578021620407000000,0117C55D14E4,-81,EC72840D9AD3
SequenceRSSI,1578021620539000000,0117C55D14E4,-75,E96AF2C858BA
SequenceRSSI,1578021620539000000,0117C55D14E4,-72,FB2EE01C18CE
SequenceRSSI,1578021620644000000,0117C55D14E4,-73,CD4533FFC0E1
SequenceRSSI,1578021620647000000,0117C55D14E4,-81,FB2EE01C18CE
SequenceRSSI,1578021620663000000,0117C55D14E4,-85,F69A86823B96
SequenceRSSI,1578021620665000000,0117C55D14E4,-75,FB2EE01C18CE
SequenceRSSI,1578021620665000000,0117C55D14E4,-75,E13B805C6CB0
SequenceRSSI,1578021620738000000,0117C55D14E4,-66,E6D9D20DD197
SequenceRSSI,1578021620797000000,0117C55D14E4,-93,F1EDAF28E08A
SequenceRSSI,1578021620813000000,0117C55D14E4,-58,DF231643E227
SequenceRSSI,1578021620858000000,0117C55D14E4,-82,EC72840D9AD3
SequenceRSSI,1578021620889000000,0117C55D14E4,-74,E96AF2C858BA
SequenceRSSI,1578021620931000000,0117C55D14E4,-80,D2B6503554D7
SequenceRSSI,1578021620989000000,0117C55D14E4,-72,FB2EE01C18CE
SequenceRSSI,1578021621091000000,0117C55D14E4,-72,F69A86823B96
SequenceRSSI,1578021621126000000,0117C55D14E4,-71,E96AF2C858BA
SequenceRSSI,1578021621179000000,0117C55D14E4,-70,E96AF2C858BA
SequenceRSSI,1578021621236000000,0117C55D14E4,-64,DF231643E227
SequenceRSSI,1578021621238000000,0117C55D14E4,-74,E6D9D20DD197
SequenceRSSI,1578021621258000000,0117C55D14E4,-79,CD4533FFC0E1
SequenceRSSI,1578021621261000000,0117C55D14E4,-68,E96AF2C858BA
SequenceRSSI,1578021621294000000,0117C55D14E4,-73,FB2EE01C18CE
SequenceRSSI,1578021621294000000,0117C55D14E4,-95,F69A86823B96
SequenceRSSI,1578021621312000000,0117C55D14E4,-76,D2B6503554D7
SequenceRSSI,1578021621389000000,0117C55D14E4,-77,E96AF2C858BA
SequenceRSSI,1578021621506000000,0117C55D14E4,-78,F69A86823B96
SequenceRSSI,1578021621515000000,0117C55D14E4,-92,F1EDAF28E08A
SequenceRSSI,1578021621515000000,0117C55D14E4,-85,C400A2E19293
SequenceRSSI,1578021621578000000,0117C55D14E4,-74,EC72840D9AD3
SequenceRSSI,1578021621579000000,0117C55D14E4,-65,DF231643E227
SequenceRSSI,1578021621602000000,0117C55D14E4,-66,E13B805C6CB0
SequenceRSSI,1578021621638000000,0117C55D14E4,-89,FDAE5980F28C
SequenceRSSI,1578021621673000000,0117C55D14E4,-72,EC72840D9AD3
SequenceRSSI,1578021621725000000,0117C55D14E4,-73,CD4533FFC0E1
SequenceRSSI,1578021621725000000,0117C55D14E4,-95,E8FD0B453DC4
SequenceRSSI,1578021621734000000,0117C55D14E4,-82,F1307ECB3B90
SequenceRSSI,1578021621830000000,0117C55D14E4,-73,DF231643E227
SequenceRSSI,1578021621867000000,0117C55D14E4,-75,E6D9D20DD197
SequenceRSSI,1578021621898000000,0117C55D14E4,-75,DF231643E227
SequenceRSSI,1578021621910000000,0117C55D14E4,-76,E96AF2C858BA
SequenceRSSI,1578021621949000000,0117C55D14E4,-83,E6D9D20DD197
SequenceRSSI,1578021622010000000,0117C55D14E4,-79,E96AF2C858BA
SequenceRSSI,1578021622062000000,0117C55D14E4,-67,E13B805C6CB0
SequenceRSSI,1578021622062000000,0117C55D14E4,-85,DF231643E227
SequenceRSSI,1578021622068000000,0117C55D14E4,-77,CD4533FFC0E1
SequenceRSSI,1578021622068000000,0117C55D14E4,-87,FB2EE01C18CE
SequenceRSSI,1578021622080000000,0117C55D14E4,-70,E96AF2C858BA
SequenceRSSI,1578021622106000000,0117C55D14E4,-64,DF231643E227
SequenceRSSI,1578021622134000000,0117C55D14E4,-78,FB2EE01C18CE
SequenceRSSI,1578021622269000000,0117C55D14E4,-81,E6D9D20DD197
SequenceRSSI,1578021622271000000,0117C55D14E4,-69,E13B805C6CB0
SequenceRSSI,1578021622353000000,0117C55D14E4,-70,DF231643E227
SequenceRSSI,1578021622374000000,0117C55D14E4,-71,E96AF2C858BA
SequenceRSSI,1578021622378000000,0117C55D14E4,-66,DF231643E227
SequenceRSSI,1578021622382000000,0117C55D14E4,-84,FB2EE01C18CE
SequenceRSSI,1578021622392000000,0117C55D14E4,-88,E43355CA8B96
SequenceRSSI,1578021622393000000,0117C55D14E4,-87,FDAE5980F28C
SequenceRSSI,1578021622426000000,0117C55D14E4,-82,FB2EE01C18CE
SequenceRSSI,1578021622433000000,0117C55D14E4,-65,DF231643E227
SequenceRSSI,1578021622449000000,0117C55D14E4,-71,EC72840D9AD3
SequenceRSSI,1578021622469000000,0117C55D14E4,-83,E6D9D20DD197
SequenceRSSI,1578021622486000000,0117C55D14E4,-94,FB2EE01C18CE
SequenceRSSI,1578021622515000000,0117C55D14E4,-75,D2B6503554D7
SequenceRSSI,1578021622547000000,0117C55D14E4,-72,F1307ECB3B90
SequenceRSSI,1578021622645000000,0117C55D14E4,-62,E13B805C6CB0
SequenceRSSI,1578021622646000000,0117C55D14E4,-73,EC72840D9AD3
SequenceRSSI,1578021622670000000,0117C55D14E4,-87,E6D9D20DD197
SequenceRSSI,1578021622670000000,0117C55D14E4,-75,DF231643E227
SequenceRSSI,1578021622709000000,0117C55D14E4,-84,E96AF2C858BA
SequenceRSSI,1578021622737000000,0117C55D14E4,-66,E13B805C6CB0
SequenceRSSI,1578021622750000000,0117C55D14E4,-70,D2B6503554D7
SequenceRSSI,1578021622765000000,0117C55D14E4,-89,FB2EE01C18CE
SequenceRSSI,1578021622779000000,0117C55D14E4,-69,E13B805C6CB0
SequenceRSSI,1578021622875000000,0117C55D14E4,-85,EC72840D9AD3
SequenceRSSI,1578021622875000000,0117C55D14E4,-93,F1EDAF28E08A
SequenceRSSI,1578021622935000000,0117C55D14E4,-69,DF231643E227
SequenceRSSI,1578021622950000000,0117C55D14E4,-75,E96AF2C858BA
SequenceRSSI,1578021623018000000,0117C55D14E4,-89,F1EDAF28E08A
SequenceRSSI,1578021623084000000,0117C55D14E4,-94,E6D9D20DD197
SequenceRSSI,1578021623219000000,0117C55D14E4,-79,DB8B36A69C56
SequenceRSSI,1578021623250000000,0117C55D14E4,-67,E13B805C6CB0
SequenceRSSI,1578021623272000000,0117C55D14E4,-74,E96AF2C858BA
SequenceRSSI,1578021623300000000,0117C55D14E4,-70,E13B805C6CB0
SequenceRSSI,1578021623390000000,0117C55D14E4,-89,F1EDAF28E08A
SequenceRSSI,1578021623391000000,0117C55D14E4,-84,E6D9D20DD197
SequenceRSSI,1578021623540000000,0117C55D14E4,-91,FB2EE01C18CE
SequenceRSSI,1578021623564000000,0117C55D14E4,-71,E96AF2C858BA
SequenceRSSI,1578021623611000000,0117C55D14E4,-77,DF231643E227
SequenceRSSI,1578021623768000000,0117C55D14E4,-77,CD4533FFC0E1
SequenceRSSI,1578021623926000000,0117C55D14E4,-68,F1307ECB3B90
SequenceRSSI,1578021623940000000,0117C55D14E4,-83,E96AF2C858BA
SequenceRSSI,1578021623978000000,0117C55D14E4,-78,DF231643E227
SequenceRSSI,1578021624014000000,0117C55D14E4,-79,E13B805C6CB0
SequenceRSSI,1578021624053000000,0117C55D14E4,-73,E96AF2C858BA
SequenceRSSI,1578021624159000000,0117C55D14E4,-66,DF231643E227
SequenceRSSI,1578021624159000000,0117C55D14E4,-89,DD697EA75B68
SequenceRSSI,1578021624246000000,0117C55D14E4,-84,E96AF2C858BA
SequenceRSSI,1578021624254000000,0117C55D14E4,-80,C400A2E19293
SequenceRSSI,1578021624314000000,0117C55D14E4,-71,F1307ECB3B90
SequenceRSSI,1578021624388000000,0117C55D14E4,-72,DB8B36A69C56
SequenceRSSI,1578021624445000000,0117C55D14E4,-75,F69A86823B96
SequenceRSSI,1578021624457000000,0117C55D14E4,-82,F69A86823B96
SequenceRSSI,1578021624472000000,0117C55D14E4,-76,FDAE5980F28C
SequenceRSSI,1578021624498000000,0117C55D14E4,-75,CD4533FFC0E1
SequenceRSSI,1578021624693000000,0117C55D14E4,-90,E6D9D20DD197
SequenceRSSI,1578021624755000000,0117C55D14E4,-82,EC72840D9AD3
SequenceRSSI,1578021624759000000,0117C55D14E4,-70,EC72840D9AD3
SequenceRSSI,1578021624995000000,0117C55D14E4,-91,E43355CA8B96
SequenceRSSI,1578021625039000000,0117C55D14E4,-82,E96AF2C858BA
SequenceRSSI,1578021625083000000,0117C55D14E4,-66,CD4533FFC0E1
SequenceRSSI,1578021625132000000,0117C55D14E4,-87,FB2EE01C18CE
SequenceRSSI,1578021625207000000,0117C55D14E4,-72,F1307ECB3B90
SequenceRSSI,1578021625215000000,0117C55D14E4,-66,CD4533FFC0E1
SequenceRSSI,1578021625310000000,0117C55D14E4,-72,D2B6503554D7
SequenceRSSI,1578021625335000000,0117C55D14E4,-81,E6D9D20DD197
SequenceRSSI,1578021625390000000,0117C55D14E4,-72,EC72840D9AD3
SequenceRSSI,1578021625390000000,0117C55D14E4,-89,E6D9D20DD197
SequenceRSSI,1578021625405000000,0117C55D14E4,-77,DF231643E227
SequenceRSSI,1578021625415000000,0117C55D14E4,-90,FB2EE01C18CE
SequenceRSSI,1578021625471000000,0117C55D14E4,-78,E13B805C6CB0
SequenceRSSI,1578021625520000000,0117C55D14E4,-89,E96AF2C858BA
SequenceRSSI,1578021625583000000,0117C55D14E4,-88,FB2EE01C18CE
SequenceRSSI,1578021625596000000,0117C55D14E4,-91,F1EDAF28E08A
SequenceRSSI,1578021625729000000,0117C55D14E4,-81,D2B6503554D7
SequenceRSSI,1578021625729000000,0117C55D14E4,-80,DD697EA75B68
SequenceRSSI,1578021625753000000,0117C55D14E4,-77,EC72840D9AD3
SequenceRSSI,1578021625786000000,0117C55D14E4,-79,F1307ECB3B90
SequenceRSSI,1578021625849000000,0117C55D14E4,-78,E6D9D20DD197
SequenceRSSI,1578021626079000000,0117C55D14E4,-67,CD4533FFC0E1
SequenceRSSI,1578021626191000000,0117C55D14E4,-91,FB2EE01C18CE
SequenceRSSI,1578021626225000000,0117C55D14E4,-68,CD4533FFC0E1
SequenceRSSI,1578021626323000000,0117C55D14E4,-90,E96AF2C858BA
SequenceRSSI,1578021626323000000,0117C55D14E4,-96,F1EDAF28E08A
SequenceRSSI,1578021626353000000,0117C55D14E4,-94,FB2EE01C18CE
SequenceRSSI,1578021626386000000,0117C55D14E4,-74,DF231643E227
SequenceRSSI,1578021626408000000,0117C55D14E4,-90,E13B805C6CB0
SequenceRSSI,1578021626557000000,0117C55D14E4,-84,E43355CA8B96
SequenceRSSI,1578021626592000000,0117C55D14E4,-82,E6D9D20DD197
SequenceRSSI,1578021626631000000,0117C55D14E4,-67,F69A86823B96
SequenceRSSI,1578021626642000000,0117C55D14E4,-65,CD4533FFC0E1
SequenceRSSI,1578021626780000000,0117C55D14E4,-63,F69A86823B96
SequenceRSSI,1578021626804000000,0117C55D14E4,-89,FB2EE01C18CE
SequenceRSSI,1578021626905000000,0117C55D14E4,-80,EC72840D9AD3
SequenceRSSI,1578021626906000000,0117C55D14E4,-81,E43355CA8B96
SequenceRSSI,1578021626906000000,0117C55D14E4,-79,E96AF2C858BA
SequenceRSSI,1578021626906000000,0117C55D14E4,-87,F1EDAF28E08A
SequenceRSSI,1578021626922000000,0117C55D14E4,-86,DF231643E227
SequenceRSSI,1578021627015000000,0117C55D14E4,-89,E43355CA8B96
SequenceRSSI,1578021627030000000,0117C55D14E4,-68,CD4533FFC0E1
SequenceRSSI,1578021627050000000,0117C55D14E4,-72,DB8B36A69C56
SequenceRSSI,1578021627082000000,0117C55D14E4,-95,E6D9D20DD197
SequenceRSSI,1578021627152000000,0117C55D14E4,-83,E43355CA8B96
SequenceRSSI,1578021627152000000,0117C55D14E4,-67,CD4533FFC0E1
SequenceRSSI,1578021627226000000,0117C55D14E4,-82,E6D9D20DD197
SequenceRSSI,1578021627260000000,0117C55D14E4,-84,E96AF2C858BA
SequenceRSSI,1578021627281000000,0117C55D14E4,-75,E13B805C6CB0
SequenceRSSI,1578021627381000000,0117C55D14E4,-84,E6D9D20DD197
SequenceRSSI,1578021627397000000,0117C55D14E4,-80,E96AF2C858BA
SequenceRSSI,1578021627443000000,0117C55D14E4,-88,F1EDAF28E08A
SequenceRSSI,1578021627446000000,0117C55D14E4,-72,DD697EA75B68
SequenceRSSI,1578021627449000000,0117C55D14E4,-95,E8FD0B453DC4
SequenceRSSI,1578021627572000000,0117C55D14E4,-70,DB8B36A69C56
SequenceRSSI,1578021627578000000,0117C55D14E4,-70,D2B6503554D7
SequenceRSSI,1578021627588000000,0117C55D14E4,-72,D2B6503554D7
SequenceRSSI,1578021627750000000,0117C55D14E4,-72,EC72840D9AD3
SequenceRSSI,1578021627796000000,0117C55D14E4,-91,E6D9D20DD197
SequenceRSSI,1578021627856000000,0117C55D14E4,-73,E13B805C6CB0
SequenceRSSI,1578021627864000000,0117C55D14E4,-72,DD697EA75B68
SequenceRSSI,1578021627896000000,0117C55D14E4,-75,E13B805C6CB0
SequenceRSSI,1578021627954000000,0117C55D14E4,-72,DB8B36A69C56
SequenceRSSI,1578021627982000000,0117C55D14E4,-68,DF231643E227
SequenceRSSI,1578021627989000000,0117C55D14E4,-80,DD697EA75B68
SequenceRSSI,1578021628001000000,0117C55D14E4,-83,E96AF2C858BA
SequenceRSSI,1578021628068000000,0117C55D14E4,-66,CD4533FFC0E1
SequenceRSSI,1578021628122000000,0117C55D14E4,-93,FB2EE01C18CE
SequenceRSSI,1578021628195000000,0117C55D14E4,-86,FB2EE01C18CE
SequenceRSSI,1578021628196000000,0117C55D14E4,-90,F1EDAF28E08A
SequenceRSSI,1578021628222000000,0117C55D14E4,-65,CD4533FFC0E1
SequenceRSSI,1578021628286000000,0117C55D14E4,-94,C400A2E19293
SequenceRSSI,1578021628287000000,0117C55D14E4,-77,E13B805C6CB0
SequenceRSSI,1578021628304000000,0117C55D14E4,-70,F69A86823B96
SequenceRSSI,1578021628363000000,0117C55D14E4,-94,E8FD0B453DC4
SequenceRSSI,1578021628378000000,0117C55D14E4,-61,F69A86823B96
SequenceRSSI,1578021628418000000,0117C55D14E4,-84,FDAE5980F28C
SequenceRSSI,1578021628419000000,0117C55D14E4,-58,F69A86823B96
SequenceRSSI,1578021628504000000,0117C55D14E4,-84,E6D9D20DD197
SequenceRSSI,1578021628504000000,0117C55D14E4,-58,F69A86823B96
SequenceRSSI,1578021628622000000,0117C55D14E4,-74,DB8B36A69C56
SequenceRSSI,1578021628644000000,0117C55D14E4,-66,CD4533FFC0E1
SequenceRSSI,1578021628650000000,0117C55D14E4,-94,E43355CA8B96
SequenceRSSI,1578021628715000000,0117C55D14E4,-71,F1307ECB3B90
SequenceRSSI,1578021628749000000,0117C55D14E4,-71,E13B805C6CB0
SequenceRSSI,1578021629190000000,0117C55D14E4,-73,E13B805C6CB0
SequenceRSSI,1578021629264000000,0117C55D14E4,-61,CD4533FFC0E1
SequenceRSSI,1578021629297000000,0117C55D14E4,-72,D2B6503554D7
SequenceRSSI,1578021629349000000,0117C55D14E4,-75,DF231643E227
SequenceRSSI,1578021629365000000,0117C55D14E4,-66,DF231643E227
SequenceRSSI,1578021629452000000,0117C55D14E4,-89,FB2EE01C18CE
SequenceRSSI,1578021629460000000,0117C55D14E4,-74,E96AF2C858BA
SequenceRSSI,1578021629474000000,0117C55D14E4,-83,E96AF2C858BA
SequenceRSSI,1578021629510000000,0117C55D14E4,-72,DF231643E227
SequenceRSSI,1578021629541000000,0117C55D14E4,-74,E13B805C6CB0
SequenceRSSI,1578021629562000000,0117C55D14E4,-68,EC72840D9AD3
SequenceRSSI,1578021629635000000,0117C55D14E4,-83,C400A2E19293
SequenceRSSI,1578021629635000000,0117C55D14E4,-69,DD697EA75B68
SequenceRSSI,1578021629660000000,0117C55D14E4,-75,D2B6503554D7
SequenceRSSI,1578021629695000000,0117C55D14E4,-84,E6D9D20DD197
SequenceRSSI,1578021629789000000,0117C55D14E4,-75,DB8B36A69C56
SequenceRSSI,1578021629793000000,0117C55D14E4,-86,E6D9D20DD197
SequenceRSSI,1578021629881000000,0117C55D14E4,-73,D2B6503554D7
SequenceRSSI,1578021629944000000,0117C55D14E4,-86,DF231643E227
SequenceRSSI,1578021630089000000,0117C55D14E4,-67,CD4533FFC0E1
SequenceRSSI,1578021630089000000,0117C55D14E4,-89,DF231643E227
SequenceRSSI,1578021630165000000,0117C55D14E4,-89,F1EDAF28E08A
SequenceRSSI,1578021630216000000,0117C55D14E4,-70,F1307ECB3B90
SequenceRSSI,1578021630244000000,0117C55D14E4,-70,CD4533FFC0E1
SequenceRSSI,1578021630322000000,0117C55D14E4,-74,D2B6503554D7
SequenceRSSI,1578021630322000000,0117C55D14E4,-70,F69A86823B96
SequenceRSSI,1578021630324000000,0117C55D14E4,-87,E6D9D20DD197
SequenceRSSI,1578021630324000000,0117C55D14E4,-64,F69A86823B96
SequenceRSSI,1578021630384000000,0117C55D14E4,-71,E13B805C6CB0
SequenceRSSI,1578021630461000000,0117C55D14E4,-75,DD697EA75B68
SequenceRSSI,1578021630545000000,0117C55D14E4,-69,F69A86823B96
SequenceRSSI,1578021630633000000,0117C55D14E4,-66,F1307ECB3B90
SequenceRSSI,1578021630699000000,0117C55D14E4,-69,F69A86823B96
SequenceRSSI,1578021630717000000,0117C55D14E4,-85,D2B6503554D7
SequenceRSSI,1578021630718000000,0117C55D14E4,-88,F1EDAF28E08A
SequenceRSSI,1578021630768000000,0117C55D14E4,-89,E6D9D20DD197
SequenceRSSI,1578021630782000000,0117C55D14E4,-58,CD4533FFC0E1
SequenceRSSI,1578021630817000000,0117C55D14E4,-81,E96AF2C858BA
SequenceRSSI,1578021630891000000,0117C55D14E4,-77,DF231643E227
SequenceRSSI,1578021630986000000,0117C55D14E4,-73,D2B6503554D7
SequenceRSSI,1578021631052000000,0117C55D14E4,-65,F1307ECB3B90
SequenceRSSI,1578021631072000000,0117C55D14E4,-75,DD697EA75B68
SequenceRSSI,1578021631107000000,0117C55D14E4,-67,EC72840D9AD3
SequenceRSSI,1578021631203000000,0117C55D14E4,-79,D2B6503554D7
SequenceRSSI,1578021631264000000,0117C55D14E4,-92,F1EDAF28E08A
SequenceRSSI,1578021631277000000,0117C55D14E4,-70,DD697EA75B68
SequenceRSSI,1578021631350000000,0117C55D14E4,-66,DD697EA75B68
SequenceRSSI,1578021631392000000,0117C55D14E4,-66,DF231643E227
SequenceRSSI,1578021631525000000,0117C55D14E4,-84,E6D9D20DD197
SequenceRSSI,1578021631750000000,0117C55D14E4,-76,EC72840D9AD3
SequenceRSSI,1578021631780000000,0117C55D14E4,-75,E13B805C6CB0
SequenceRSSI,1578021631855000000,0117C55D14E4,-90,F1EDAF28E08A
SequenceRSSI,1578021631877000000,0117C55D14E4,-70,DD697EA75B68
SequenceRSSI,1578021631912000000,0117C55D14E4,-82,DB8B36A69C56
SequenceRSSI,1578021631966000000,0117C55D14E4,-87,E6D9D20DD197
SequenceRSSI,1578021632100000000,0117C55D14E4,-77,E13B805C6CB0
SequenceRSSI,1578021632104000000,0117C55D14E4,-90,C400A2E19293
SequenceRSSI,1578021632171000000,0117C55D14E4,-82,E43355CA8B96
SequenceRSSI,1578021632173000000,0117C55D14E4,-70,EC72840D9AD3
SequenceRSSI,1578021632345000000,0117C55D14E4,-91,E96AF2C858BA
SequenceRSSI,1578021632352000000,0117C55D14E4,-91,FB2EE01C18CE
SequenceRSSI,1578021632353000000,0117C55D14E4,-89,D2B6503554D7
SequenceRSSI,1578021632418000000,0117C55D14E4,-87,E8FD0B453DC4
SequenceRSSI,1578021632444000000,0117C55D14E4,-76,E43355CA8B96
SequenceRSSI,1578021632701000000,0117C55D14E4,-87,C400A2E19293
SequenceRSSI,1578021632748000000,0117C55D14E4,-77,E13B805C6CB0
SequenceRSSI,1578021632748000000,0117C55D14E4,-67,F69A86823B96
SequenceRSSI,1578021632763000000,0117C55D14E4,-91,E6D9D20DD197
SequenceRSSI,1578021632763000000,0117C55D14E4,-75,F69A86823B96
SequenceRSSI,1578021632785000000,0117C55D14E4,-72,F69A86823B96
SequenceRSSI,1578021632815000000,0117C55D14E4,-75,F69A86823B96
SequenceRSSI,1578021632824000000,0117C55D14E4,-77,EC72840D9AD3
SequenceRSSI,1578021632923000000,0117C55D14E4,-81,D2B6503554D7
SequenceRSSI,1578021632960000000,0117C55D14E4,-62,CD4533FFC0E1
SequenceRSSI,1578021633027000000,0117C55D14E4,-75,DB8B36A69C56
SequenceRSSI,1578021633091000000,0117C55D14E4,-63,CD4533FFC0E1
SequenceRSSI,1578021633134000000,0117C55D14E4,-66,EC72840D9AD3
SequenceRSSI,1578021633152000000,0117C55D14E4,-67,DB8B36A69C56
SequenceRSSI,1578021633214000000,0117C55D14E4,-86,E96AF2C858BA
SequenceRSSI,1578021633352000000,0117C55D14E4,-64,F1307ECB3B90
SequenceRSSI,1578021633455000000,0117C55D14E4,-90,FB2EE01C18CE
SequenceRSSI,1578021633456000000,0117C55D14E4,-62,EC72840D9AD3
SequenceRSSI,1578021633457000000,0117C55D14E4,-69,CD4533FFC0E1
SequenceRSSI,1578021633592000000,0117C55D14E4,-70,DB8B36A69C56
SequenceRSSI,1578021633601000000,0117C55D14E4,-75,D2B6503554D7
SequenceRSSI,1578021633738000000,0117C55D14E4,-60,EC72840D9AD3
SequenceRSSI,1578021633821000000,0117C55D14E4,-64,F1307ECB3B90
SequenceRSSI,1578021633876000000,0117C55D14E4,-74,DF231643E227
SequenceRSSI,1578021633934000000,0117C55D14E4,-72,DF231643E227
SequenceRSSI,1578021634065000000,0117C55D14E4,-66,DB8B36A69C56
SequenceRSSI,1578021634215000000,0117C55D14E4,-62,F1307ECB3B90
SequenceRSSI,1578021634267000000,0117C55D14E4,-88,E96AF2C858BA
SequenceRSSI,1578021634267000000,0117C55D14E4,-93,E13B805C6CB0
SequenceRSSI,1578021634268000000,0117C55D14E4,-58,F1307ECB3B90
SequenceRSSI,1578021634410000000,0117C55D14E4,-72,EC72840D9AD3
SequenceRSSI,1578021634410000000,0117C55D14E4,-70,F69A86823B96
SequenceRSSI,1578021634514000000,0117C55D14E4,-88,E96AF2C858BA
SequenceRSSI,1578021634516000000,0117C55D14E4,-82,E13B805C6CB0
SequenceRSSI,1578021634554000000,0117C55D14E4,-68,CD4533FFC0E1
SequenceRSSI,1578021634616000000,0117C55D14E4,-86,E8FD0B453DC4
SequenceRSSI,1578021634640000000,0117C55D14E4,-62,F1307ECB3B90
SequenceRSSI,1578021634678000000,0117C55D14E4,-74,D2B6503554D7
SequenceRSSI,1578021634771000000,0117C55D14E4,-87,FB2EE01C18CE
SequenceRSSI,1578021634879000000,0117C55D14E4,-94,C400A2E19293
SequenceRSSI,1578021634885000000,0117C55D14E4,-71,DD697EA75B68
SequenceRSSI,1578021634934000000,0117C55D14E4,-62,F1307ECB3B90
SequenceRSSI,1578021635124000000,0117C55D14E4,-66,DD697EA75B68
SequenceRSSI,1578021635140000000,0117C55D14E4,-71,DB8B36A69C56
SequenceRSSI,1578021635306000000,0117C55D14E4,-86,F1307ECB3B90
SequenceRSSI,1578021635312000000,0117C55D14E4,-75,FDAE5980F28C
SequenceRSSI,1578021635339000000,0117C55D14E4,-68,D2B6503554D7
SequenceRSSI,1578021635424000000,0117C55D14E4,-68,DD697EA75B68
SequenceRSSI,1578021635460000000,0117C55D14E4,-74,DB8B36A69C56
SequenceRSSI,1578021635519000000,0117C55D14E4,-66,F1307ECB3B90
SequenceRSSI,1578021635626000000,0117C55D14E4,-82,E43355CA8B96
SequenceRSSI,1578021635628000000,0117C55D14E4,-69,C400A2E19293
SequenceRSSI,1578021635631000000,0117C55D14E4,-75,CD4533FFC0E1
SequenceRSSI,1578021635691000000,0117C55D14E4,-69,DD697EA75B68
SequenceRSSI,1578021635691000000,0117C55D14E4,-70,DB8B36A69C56
SequenceRSSI,1578021635724000000,0117C55D14E4,-89,E8FD0B453DC4
SequenceRSSI,1578021635734000000,0117C55D14E4,-66,DD697EA75B68
SequenceRSSI,1578021635870000000,0117C55D14E4,-86,C400A2E19293
SequenceRSSI,1578021635888000000,0117C55D14E4,-66,EC72840D9AD3
SequenceRSSI,1578021635912000000,0117C55D14E4,-60,F1307ECB3B90
SequenceRSSI,1578021635941000000,0117C55D14E4,-67,DD697EA75B68
SequenceRSSI,1578021635946000000,0117C55D14E4,-78,D2B6503554D7
SequenceRSSI,1578021636016000000,0117C55D14E4,-69,DD697EA75B68
SequenceRSSI,1578021636016000000,0117C55D14E4,-78,D2B6503554D7
SequenceRSSI,1578021636062000000,0117C55D14E4,-68,F1307ECB3B90
SequenceRSSI,1578021636126000000,0117C55D14E4,-89,F1EDAF28E08A
SequenceRSSI,1578021636130000000,0117C55D14E4,-89,F1EDAF28E08A
SequenceRSSI,1578021636157000000,0117C55D14E4,-64,EC72840D9AD3
SequenceRSSI,1578021636189000000,0117C55D14E4,-78,E43355CA8B96
SequenceRSSI,1578021636268000000,0117C55D14E4,-78,D2B6503554D7
SequenceRSSI,1578021636326000000,0117C55D14E4,-89,E13B805C6CB0
SequenceRSSI,1578021636355000000,0117C55D14E4,-69,DD697EA75B68
SequenceRSSI,1578021636532000000,0117C55D14E4,-72,F69A86823B96
SequenceRSSI,1578021636533000000,0117C55D14E4,-87,F1EDAF28E08A
SequenceRSSI,1578021636561000000,0117C55D14E4,-80,CD4533FFC0E1
SequenceRSSI,1578021636605000000,0117C55D14E4,-73,EC72840D9AD3
SequenceRSSI,1578021636605000000,0117C55D14E4,-84,E96AF2C858BA
SequenceRSSI,1578021636610000000,0117C55D14E4,-83,E43355CA8B96
SequenceRSSI,1578021636881000000,0117C55D14E4,-60,F1307ECB3B90
SequenceRSSI,1578021637044000000,0117C55D14E4,-70,CD4533FFC0E1
SequenceRSSI,1578021637253000000,0117C55D14E4,-82,C400A2E19293
SequenceRSSI,1578021637253000000,0117C55D14E4,-70,DB8B36A69C56
SequenceRSSI,1578021637313000000,0117C55D14E4,-80,E13B805C6CB0
SequenceRSSI,1578021637437000000,0117C55D14E4,-82,DF231643E227
SequenceRSSI,1578021637599000000,0117C55D14E4,-65,DB8B36A69C56
SequenceRSSI,1578021637669000000,0117C55D14E4,-69,DD697EA75B68
SequenceRSSI,1578021637802000000,0117C55D14E4,-75,F69A86823B96
SequenceRSSI,1578021637883000000,0117C55D14E4,-70,DD697EA75B68
SequenceRSSI,1578021637918000000,0117C55D14E4,-88,FB2EE01C18CE
SequenceRSSI,1578021638005000000,0117C55D14E4,-70,F1307ECB3B90
SequenceRSSI,1578021638005000000,0117C55D14E4,-68,DB8B36A69C56
SequenceRSSI,1578021638005000000,0117C55D14E4,-76,C400A2E19293
SequenceRSSI,1578021638006000000,0117C55D14E4,-62,EC72840D9AD3
SequenceRSSI,1578021638006000000,0117C55D14E4,-74,D2B6503554D7
SequenceRSSI,1578021638086000000,0117C55D14E4,-71,FDAE5980F28C
SequenceRSSI,1578021638139000000,0117C55D14E4,-74,C400A2E19293
SequenceRSSI,1578021638153000000,0117C55D14E4,-87,E6D9D20DD197
SequenceRSSI,1578021638285000000,0117C55D14E4,-71,FDAE5980F28C
SequenceRSSI,1578021638294000000,0117C55D14E4,-87,C400A2E19293
SequenceRSSI,1578021638315000000,0117C55D14E4,-77,DD697EA75B68
SequenceRSSI,1578021638375000000,0117C55D14E4,-78,E8FD0B453DC4
SequenceRSSI,1578021638418000000,0117C55D14E4,-66,F1307ECB3B90
SequenceRSSI,1578021638436000000,0117C55D14E4,-69,FDAE5980F28C
SequenceRSSI,1578021638438000000,0117C55D14E4,-72,C400A2E19293
SequenceRSSI,1578021638546000000,0117C55D14E4,-70,EC72840D9AD3
SequenceRSSI,1578021638714000000,0117C55D14E4,-73,FDAE5980F28C
SequenceRSSI,1578021638806000000,0117C55D14E4,-73,FDAE5980F28C
SequenceRSSI,1578021638980000000,0117C55D14E4,-77,D2B6503554D7
SequenceRSSI,1578021639086000000,0117C55D14E4,-82,EC72840D9AD3
SequenceRSSI,1578021639087000000,0117C55D14E4,-78,F1EDAF28E08A
SequenceRSSI,1578021639125000000,0117C55D14E4,-63,DB8B36A69C56
SequenceRSSI,1578021639226000000,0117C55D14E4,-81,E8FD0B453DC4
SequenceRSSI,1578021639226000000,0117C55D14E4,-75,FDAE5980F28C
SequenceRSSI,1578021639227000000,0117C55D14E4,-87,CD4533FFC0E1
SequenceRSSI,1578021639361000000,0117C55D14E4,-67,DB8B36A69C56
SequenceRSSI,1578021639407000000,0117C55D14E4,-93,F69A86823B96
SequenceRSSI,1578021639473000000,0117C55D14E4,-66,EC72840D9AD3
SequenceRSSI,1578021639497000000,0117C55D14E4,-89,E6D9D20DD197
SequenceRSSI,1578021639520000000,0117C55D14E4,-63,DB8B36A69C56
SequenceRSSI,1578021639552000000,0117C55D14E4,-73,CD4533FFC0E1
SequenceRSSI,1578021639573000000,0117C55D14E4,-80,FDAE5980F28C
SequenceRSSI,1578021639573000000,0117C55D14E4,-84,E96AF2C858BA
SequenceRSSI,1578021639612000000,0117C55D14E4,-70,F1307ECB3B90
SequenceRSSI,1578021639692000000,0117C55D14E4,-75,DF231643E227
SequenceRSSI,1578021639972000000,0117C55D14E4,-72,EC72840D9AD3
SequenceRSSI,1578021640170000000,0117C55D14E4,-82,EC72840D9AD3
SequenceRSSI,1578021640202000000,0117C55D14E4,-73,DD697EA75B68
SequenceRSSI,1578021640203000000,0117C55D14E4,-72,DD697EA75B68
SequenceRSSI,1578021640209000000,0117C55D14E4,-91,E6D9D20DD197
SequenceRSSI,1578021640256000000,0117C55D14E4,-72,EC72840D9AD3
SequenceRSSI,1578021640278000000,0117C55D14E4,-69,DD697EA75B68
SequenceRSSI,1578021640337000000,0117C55D14E4,-83,C400A2E19293
SequenceRSSI,1578021640779000000,0117C55D14E4,-83,D2B6503554D7
SequenceRSSI,1578021640822000000,0117C55D14E4,-88,C400A2E19293
SequenceRSSI,1578021640916000000,0117C55D14E4,-61,DB8B36A69C56
SequenceRSSI,1578021641314000000,0117C55D14E4,-79,FDAE5980F28C
SequenceRSSI,1578021641317000000,0117C55D14E4,-70,F1307ECB3B90
SequenceRSSI,1578021641317000000,0117C55D14E4,-82,F69A86823B96
SequenceRSSI,1578021641318000000,0117C55D14E4,-80,C400A2E19293
SequenceRSSI,1578021641318000000,0117C55D14E4,-82,F69A86823B96
SequenceRSSI,1578021641361000000,0117C55D14E4,-77,DD697EA75B68
SequenceRSSI,1578021641422000000,0117C55D14E4,-88,CD4533FFC0E1
SequenceRSSI,1578021641496000000,0117C55D14E4,-71,F1307ECB3B90
SequenceRSSI,1578021641496000000,0117C55D14E4,-86,F69A86823B96
SequenceRSSI,1578021641518000000,0117C55D14E4,-75,E8FD0B453DC4
SequenceRSSI,1578021641607000000,0117C55D14E4,-87,E96AF2C858BA
SequenceRSSI,1578021641608000000,0117C55D14E4,-87,E96AF2C858BA
SequenceRSSI,1578021641925000000,0117C55D14E4,-83,CD4533FFC0E1
SequenceRSSI,1578021642130000000,0117C55D14E4,-65,E43355CA8B96
SequenceRSSI,1578021642632000000,0117C55D14E4,-94,E13B805C6CB0
SequenceRSSI,1578021642768000000,0117C55D14E4,-71,EC72840D9AD3
SequenceRSSI,1578021642919000000,0117C55D14E4,-61,DB8B36A69C56
SequenceRSSI,1578021643076000000,0117C55D14E4,-63,E43355CA8B96
SequenceRSSI,1578021643101000000,0117C55D14E4,-94,DF231643E227
SequenceRSSI,1578021643180000000,0117C55D14E4,-87,E8FD0B453DC4
SequenceRSSI,1578021643180000000,0117C55D14E4,-94,E6D9D20DD197
SequenceRSSI,1578021643219000000,0117C55D14E4,-60,DB8B36A69C56
SequenceRSSI,1578021643476000000,0117C55D14E4,-72,C400A2E19293
SequenceRSSI,1578021643676000000,0117C55D14E4,-69,DB8B36A69C56
SequenceRSSI,1578021643679000000,0117C55D14E4,-71,E43355CA8B96
SequenceRSSI,1578021643679000000,0117C55D14E4,-94,E96AF2C858BA
SequenceRSSI,1578021643679000000,0117C55D14E4,-80,D2B6503554D7
SequenceRSSI,1578021643769000000,0117C55D14E4,-72,F1EDAF28E08A
SequenceRSSI,1578021643775000000,0117C55D14E4,-73,F1EDAF28E08A
SequenceRSSI,1578021643786000000,0117C55D14E4,-95,E96AF2C858BA
SequenceRSSI,1578021643912000000,0117C55D14E4,-91,CD4533FFC0E1
SequenceRSSI,1578021644048000000,0117C55D14E4,-79,F69A86823B96
SequenceRSSI,1578021644140000000,0117C55D14E4,-69,C400A2E19293
SequenceRSSI,1578021644142000000,0117C55D14E4,-81,F1307ECB3B90
SequenceRSSI,1578021644170000000,0117C55D14E4,-80,F69A86823B96
SequenceRSSI,1578021644280000000,0117C55D14E4,-85,F69A86823B96
SequenceRSSI,1578021644471000000,0117C55D14E4,-73,F1307ECB3B90
SequenceRSSI,1578021644548000000,0117C55D14E4,-72,FDAE5980F28C
SequenceRSSI,1578021644580000000,0117C55D14E4,-73,EC72840D9AD3
SequenceRSSI,1578021644655000000,0117C55D14E4,-64,DB8B36A69C56
SequenceRSSI,1578021644892000000,0117C55D14E4,-64,E43355CA8B96
SequenceRSSI,1578021644984000000,0117C55D14E4,-80,FDAE5980F28C
SequenceRSSI,1578021644993000000,0117C55D14E4,-84,EC72840D9AD3
SequenceRSSI,1578021645059000000,0117C55D14E4,-66,E43355CA8B96
SequenceRSSI,1578021645842000000,0117C55D14E4,-70,F1EDAF28E08A
SequenceRSSI,1578021645874000000,0117C55D14E4,-78,E8FD0B453DC4
SequenceRSSI,1578021646147000000,0117C55D14E4,-66,F1EDAF28E08A
SequenceRSSI,1578021646313000000,0117C55D14E4,-65,F1EDAF28E08A
SequenceRSSI,1578021646328000000,0117C55D14E4,-70,DB8B36A69C56
SequenceRSSI,1578021646556000000,0117C55D14E4,-80,F69A86823B96
SequenceRSSI,1578021646608000000,0117C55D14E4,-80,C400A2E19293
SequenceRSSI,1578021646911000000,0117C55D14E4,-87,E13B805C6CB0
SequenceRSSI,1578021646924000000,0117C55D14E4,-60,E43355CA8B96
SequenceRSSI,1578021646924000000,0117C55D14E4,-80,F1EDAF28E08A
SequenceRSSI,1578021646926000000,0117C55D14E4,-62,E43355CA8B96
SequenceRSSI,1578021647281000000,0117C55D14E4,-68,F1EDAF28E08A
SequenceRSSI,1578021647288000000,0117C55D14E4,-84,F69A86823B96
SequenceRSSI,1578021647353000000,0117C55D14E4,-78,FDAE5980F28C
SequenceRSSI,1578021647354000000,0117C55D14E4,-60,F1EDAF28E08A
SequenceRSSI,1578021647389000000,0117C55D14E4,-69,E43355CA8B96
SequenceRSSI,1578021647609000000,0117C55D14E4,-60,F1EDAF28E08A
SequenceRSSI,1578021647609000000,0117C55D14E4,-75,E43355CA8B96
SequenceRSSI,1578021647800000000,0117C55D14E4,-91,CD4533FFC0E1
SequenceRSSI,1578021647821000000,0117C55D14E4,-79,FDAE5980F28C
SequenceRSSI,1578021647827000000,0117C55D14E4,-67,E43355CA8B96
SequenceRSSI,1578021648012000000,0117C55D14E4,-89,C400A2E19293
SequenceRSSI,1578021648063000000,0117C55D14E4,-78,DB8B36A69C56
SequenceRSSI,1578021648178000000,0117C55D14E4,-87,CD4533FFC0E1
SequenceRSSI,1578021648178000000,0117C55D14E4,-92,F69A86823B96
SequenceRSSI,1578021648178000000,0117C55D14E4,-62,F1EDAF28E08A
SequenceRSSI,1578021648451000000,0117C55D14E4,-80,E43355CA8B96
SequenceRSSI,1578021648451000000,0117C55D14E4,-89,E13B805C6CB0
SequenceRSSI,1578021648476000000,0117C55D14E4,-60,F1EDAF28E08A
SequenceRSSI,1578021648498000000,0117C55D14E4,-86,E8FD0B453DC4
SequenceRSSI,1578021648728000000,0117C55D14E4,-58,F1EDAF28E08A
SequenceRSSI,1578021648866000000,0117C55D14E4,-81,F69A86823B96
SequenceRSSI,1578021649001000000,0117C55D14E4,-90,F1307ECB3B90
SequenceRSSI,1578021649068000000,0117C55D14E4,-64,F1EDAF28E08A
SequenceRSSI,1578021649151000000,0117C55D14E4,-81,DF231643E227
SequenceRSSI,1578021649258000000,0117C55D14E4,-75,E43355CA8B96
SequenceRSSI,1578021649416000000,0117C55D14E4,-73,DB8B36A69C56
SequenceRSSI,1578021649417000000,0117C55D14E4,-76,EC72840D9AD3
SequenceRSSI,1578021649438000000,0117C55D14E4,-58,F1EDAF28E08A
SequenceRSSI,1578021649584000000,0117C55D14E4,-76,E43355CA8B96
SequenceRSSI,1578021649793000000,0117C55D14E4,-96,F69A86823B96
SequenceRSSI,1578021649890000000,0117C55D14E4,-69,DB8B36A69C56
SequenceRSSI,1578021649956000000,0117C55D14E4,-62,F1EDAF28E08A
SequenceRSSI,1578021650014000000,0117C55D14E4,-94,E96AF2C858BA
SequenceRSSI,1578021650099000000,0117C55D14E4,-63,DB8B36A69C56
SequenceRSSI,1578021650285000000,0117C55D14E4,-70,E43355CA8B96
SequenceRSSI,1578021650378000000,0117C55D14E4,-90,E96AF2C858BA
SequenceRSSI,1578021650729000000,0117C55D14E4,-77,DF231643E227
SequenceRSSI,1578021650780000000,0117C55D14E4,-84,E13B805C6CB0
SequenceRSSI,1578021650834000000,0117C55D14E4,-70,E43355CA8B96
SequenceRSSI,1578021651058000000,0117C55D14E4,-77,F1307ECB3B90
SequenceRSSI,1578021651179000000,0117C55D14E4,-67,E43355CA8B96
SequenceRSSI,1578021651179000000,0117C55D14E4,-76,E8FD0B453DC4
SequenceRSSI,1578021651226000000,0117C55D14E4,-69,C400A2E19293
SequenceRSSI,1578021651495000000,0117C55D14E4,-66,DB8B36A69C56
SequenceRSSI,1578021651495000000,0117C55D14E4,-84,F69A86823B96
SequenceRSSI,1578021651665000000,0117C55D14E4,-81,DF231643E227
SequenceRSSI,1578021651722000000,0117C55D14E4,-85,F69A86823B96
SequenceRSSI,1578021652154000000,0117C55D14E4,-69,DB8B36A69C56
SequenceRSSI,1578021652185000000,0117C55D14E4,-75,EC72840D9AD3
SequenceRSSI,1578021652268000000,0117C55D14E4,-91,E13B805C6CB0
SequenceRSSI,1578021652579000000,0117C55D14E4,-85,CD4533FFC0E1
SequenceRSSI,1578021652689000000,0117C55D14E4,-70,F1307ECB3B90
SequenceRSSI,1578021652704000000,0117C55D14E4,-73,E43355CA8B96
SequenceRSSI,1578021652817000000,0117C55D14E4,-71,E43355CA8B96
SequenceRSSI,1578021653241000000,0117C55D14E4,-76,E13B805C6CB0
SequenceRSSI,1578021653446000000,0117C55D14E4,-77,F69A86823B96
SequenceRSSI,1578021653447000000,0117C55D14E4,-64,DB8B36A69C56
SequenceRSSI,1578021653543000000,0117C55D14E4,-75,F69A86823B96
SequenceRSSI,1578021653630000000,0117C55D14E4,-61,DB8B36A69C56
SequenceRSSI,1578021653749000000,0117C55D14E4,-62,DB8B36A69C56
SequenceRSSI,1578021653750000000,0117C55D14E4,-80,E13B805C6CB0
SequenceRSSI,1578021653811000000,0117C55D14E4,-80,F69A86823B96
SequenceRSSI,1578021653830000000,0117C55D14E4,-68,EC72840D9AD3
SequenceRSSI,1578021653942000000,0117C55D14E4,-75,F1EDAF28E08A
SequenceRSSI,1578021653944000000,0117C55D14E4,-67,E43355CA8B96
SequenceRSSI,1578021653944000000,0117C55D14E4,-91,E6D9D20DD197
SequenceRSSI,1578021653944000000,0117C55D14E4,-90,F1EDAF28E08A
SequenceRSSI,1578021653944000000,0117C55D14E4,-75,E8FD0B453DC4
SequenceRSSI,1578021653944000000,0117C55D14E4,-85,FDAE5980F28C
SequenceRSSI,1578021654029000000,0117C55D14E4,-67,DB8B36A69C56
SequenceRSSI,1578021654029000000,0117C55D14E4,-70,E43355CA8B96
SequenceRSSI,1578021654061000000,0117C55D14E4,-94,E6D9D20DD197
SequenceRSSI,1578021654198000000,0117C55D14E4,-80,DF231643E227
SequenceRSSI,1578021654198000000,0117C55D14E4,-89,E96AF2C858BA
SequenceRSSI,1578021654318000000,0117C55D14E4,-73,E43355CA8B96
SequenceRSSI,1578021654318000000,0117C55D14E4,-93,E6D9D20DD197
SequenceRSSI,1578021654318000000,0117C55D14E4,-79,F1EDAF28E08A
SequenceRSSI,1578021654319000000,0117C55D14E4,-65,EC72840D9AD3
SequenceRSSI,1578021654373000000,0117C55D14E4,-63,DB8B36A69C56
SequenceRSSI,1578021654470000000,0117C55D14E4,-69,F69A86823B96
SequenceRSSI,1578021654574000000,0117C55D14E4,-79,DF231643E227
SequenceRSSI,1578021654703000000,0117C55D14E4,-72,C400A2E19293
SequenceRSSI,1578021654731000000,0117C55D14E4,-84,FDAE5980F28C
SequenceRSSI,1578021654760000000,0117C55D14E4,-75,F69A86823B96
SequenceRSSI,1578021654839000000,0117C55D14E4,-64,F1307ECB3B90
SequenceRSSI,1578021654908000000,0117C55D14E4,-87,E6D9D20DD197
SequenceRSSI,1578021654945000000,0117C55D14E4,-68,C400A2E19293
SequenceRSSI,1578021654979000000,0117C55D14E4,-78,CD4533FFC0E1
SequenceRSSI,1578021655213000000,0117C55D14E4,-69,F1307ECB3B90
SequenceRSSI,1578021655224000000,0117C55D14E4,-68,F1307ECB3B90
SequenceRSSI,1578021655384000000,0117C55D14E4,-87,E96AF2C858BA
SequenceRSSI,1578021655443000000,0117C55D14E4,-66,C400A2E19293
SequenceRSSI,1578021655460000000,0117C55D14E4,-76,E43355CA8B96
SequenceRSSI,1578021655516000000,0117C55D14E4,-58,DB8B36A69C56
SequenceRSSI,1578021655803000000,0117C55D14E4,-74,DF231643E227
SequenceRSSI,1578021655810000000,0117C55D14E4,-67,DB8B36A69C56
SequenceRSSI,1578021655816000000,0117C55D14E4,-80,D2B6503554D7
SequenceRSSI,1578021655850000000,0117C55D14E4,-80,E8FD0B453DC4
SequenceRSSI,1578021655921000000,0117C55D14E4,-88,E8FD0B453DC4
SequenceRSSI,1578021656017000000,0117C55D14E4,-71,EC72840D9AD3
SequenceRSSI,1578021656079000000,0117C55D14E4,-67,C400A2E19293
SequenceRSSI,1578021656150000000,0117C55D14E4,-64,F1307ECB3B90
SequenceRSSI,1578021656486000000,0117C55D14E4,-75,DF231643E227
SequenceRSSI,1578021656547000000,0117C55D14E4,-66,DB8B36A69C56
SequenceRSSI,1578021656753000000,0117C55D14E4,-57,EC72840D9AD3
SequenceRSSI,1578021656879000000,0117C55D14E4,-82,F1EDAF28E08A
SequenceRSSI,1578021657003000000,0117C55D14E4,-88,F1EDAF28E08A
SequenceRSSI,1578021657038000000,0117C55D14E4,-82,E8FD0B453DC4
SequenceRSSI,1578021657038000000,0117C55D14E4,-82,FDAE5980F28C
SequenceRSSI,1578021657041000000,0117C55D14E4,-61,F1307ECB3B90
SequenceRSSI,1578021657041000000,0117C55D14E4,-73,CD4533FFC0E1
SequenceRSSI,1578021657117000000,0117C55D14E4,-68,DB8B36A69C56
SequenceRSSI,1578021657117000000,0117C55D14E4,-63,F1307ECB3B90
SequenceRSSI,1578021657316000000,0117C55D14E4,-94,FB2EE01C18CE
SequenceRSSI,1578021657316000000,0117C55D14E4,-72,DF231643E227
SequenceRSSI,1578021657331000000,0117C55D14E4,-81,E13B805C6CB0
SequenceRSSI,1578021657380000000,0117C55D14E4,-81,D2B6503554D7
SequenceRSSI,1578021657536000000,0117C55D14E4,-77,C400A2E19293
SequenceRSSI,1578021657631000000,0117C55D14E4,-84,E96AF2C858BA
SequenceRSSI,1578021657726000000,0117C55D14E4,-84,E8FD0B453DC4
SequenceRSSI,1578021657788000000,0117C55D14E4,-60,F1307ECB3B90
SequenceRSSI,1578021657909000000,0117C55D14E4,-89,E6D9D20DD197
SequenceRSSI,1578021658062000000,0117C55D14E4,-89,E13B805C6CB0
SequenceRSSI,1578021658176000000,0117C55D14E4,-79,E96AF2C858BA
SequenceRSSI,1578021658184000000,0117C55D14E4,-67,DD697EA75B68
SequenceRSSI,1578021658208000000,0117C55D14E4,-80,DF231643E227
SequenceRSSI,1578021658214000000,0117C55D14E4,-90,E6D9D20DD197
SequenceRSSI,1578021658381000000,0117C55D14E4,-75,CD4533FFC0E1
SequenceRSSI,1578021658756000000,0117C55D14E4,-73,F69A86823B96
SequenceRSSI,1578021658756000000,0117C55D14E4,-71,EC72840D9AD3
SequenceRSSI,1578021658758000000,0117C55D14E4,-84,E96AF2C858BA
SequenceRSSI,1578021658758000000,0117C55D14E4,-89,F1EDAF28E08A
SequenceRSSI,1578021658759000000,0117C55D14E4,-75,E96AF2C858BA
SequenceRSSI,1578021658759000000,0117C55D14E4,-80,CD4533FFC0E1
SequenceRSSI,1578021658759000000,0117C55D14E4,-82,DF231643E227
SequenceRSSI,1578021658759000000,0117C55D14E4,-62,EC72840D9AD3
SequenceRSSI,1578021658759000000,0117C55D14E4,-84,E43355CA8B96
SequenceRSSI,1578021658804000000,0117C55D14E4,-92,E6D9D20DD197
SequenceRSSI,1578021658804000000,0117C55D14E4,-63,F1307ECB3B90
SequenceRSSI,1578021658804000000,0117C55D14E4,-95,E43355CA8B96
SequenceRSSI,1578021658925000000,0117C55D14E4,-87,E6D9D20DD197
SequenceRSSI,1578021658992000000,0117C55D14E4,-88,E96AF2C858BA
SequenceRSSI,1578021658992000000,0117C55D14E4,-91,E6D9D20DD197
SequenceRSSI,1578021659011000000,0117C55D14E4,-62,EC72840D9AD3
SequenceRSSI,1578021659099000000,0117C55D14E4,-74,F1307ECB3B90
SequenceRSSI,1578021659189000000,0117C55D14E4,-84,E43355CA8B96
SequenceRSSI,1578021659228000000,0117C55D14E4,-83,E8FD0B453DC4
SequenceRSSI,1578021659228000000,0117C55D14E4,-87,F1EDAF28E08A
SequenceRSSI,1578021659287000000,0117C55D14E4,-89,E6D9D20DD197
SequenceRSSI,1578021659290000000,0117C55D14E4,-62,EC72840D9AD3
SequenceRSSI,1578021659435000000,0117C55D14E4,-80,E96AF2C858BA
SequenceRSSI,1578021659435000000,0117C55D14E4,-65,F1307ECB3B90
SequenceRSSI,1578021659474000000,0117C55D14E4,-72,DD697EA75B68
SequenceRSSI,1578021659489000000,0117C55D14E4,-94,E96AF2C858BA
SequenceRSSI,1578021659510000000,0117C55D14E4,-79,E43355CA8B96
SequenceRSSI,1578021659564000000,0117C55D14E4,-83,E13B805C6CB0
SequenceRSSI,1578021659597000000,0117C55D14E4,-66,F1307ECB3B90
SequenceRSSI,1578021659726000000,0117C55D14E4,-76,D2B6503554D7
SequenceRSSI,1578021659749000000,0117C55D14E4,-62,EC72840D9AD3
SequenceRSSI,1578021659767000000,0117C55D14E4,-81,E96AF2C858BA
SequenceRSSI,1578021659790000000,0117C55D14E4,-81,E43355CA8B96
SequenceRSSI,1578021659892000000,0117C55D14E4,-61,EC72840D9AD3
SequenceRSSI,1578021659893000000,0117C55D14E4,-67,DD697EA75B68
SequenceRSSI,1578021659965000000,0117C55D14E4,-68,CD4533FFC0E1
SequenceRSSI,1578021659976000000,0117C55D14E4,-62,F1307ECB3B90
SequenceRSSI,1578021659979000000,0117C55D14E4,-69,DD697EA75B68
SequenceRSSI,1578021659985000000,0117C55D14E4,-84,FDAE5980F28C
SequenceRSSI,1578021660044000000,0117C55D14E4,-74,DF231643E227
SequenceRSSI,1578021660074000000,0117C55D14E4,-59,F1307ECB3B90
SequenceRSSI,1578021660140000000,0117C55D14E4,-66,EC72840D9AD3
SequenceRSSI,1578021660141000000,0117C55D14E4,-89,FB2EE01C18CE
SequenceRSSI,1578021660172000000,0117C55D14E4,-82,DF231643E227
SequenceRSSI,1578021660172000000,0117C55D14E4,-62,F1307ECB3B90
SequenceRSSI,1578021660172000000,0117C55D14E4,-81,E13B805C6CB0
SequenceRSSI,1578021660175000000,0117C55D14E4,-86,C400A2E19293
SequenceRSSI,1578021660184000000,0117C55D14E4,-81,E96AF2C858BA
SequenceRSSI,1578021660184000000,0117C55D14E4,-73,DD697EA75B68
SequenceRSSI,1578021660460000000,0117C55D14E4,-87,F1EDAF28E08A
SequenceRSSI,1578021660461000000,0117C55D14E4,-79,DB8B36A69C56
SequenceRSSI,1578021660462000000,0117C55D14E4,-90,DF231643E227
SequenceRSSI,1578021660474000000,0117C55D14E4,-62,F1307ECB3B90
SequenceRSSI,1578021660517000000,0117C55D14E4,-60,EC72840D9AD3
SequenceRSSI,1578021660589000000,0117C55D14E4,-84,C400A2E19293
SequenceRSSI,1578021660622000000,0117C55D14E4,-81,DD697EA75B68
SequenceRSSI,1578021660622000000,0117C55D14E4,-82,FDAE5980F28C
SequenceRSSI,1578021660672000000,0117C55D14E4,-64,F1307ECB3B90
SequenceRSSI,1578021660684000000,0117C55D14E4,-82,E13B805C6CB0
SequenceRSSI,1578021660877000000,0117C55D14E4,-89,F69A86823B96
SequenceRSSI,1578021661154000000,0117C55D14E4,-92,E43355CA8B96
SequenceRSSI,1578021661183000000,0117C55D14E4,-88,E6D9D20DD197
SequenceRSSI,1578021661238000000,0117C55D14E4,-60,EC72840D9AD3
SequenceRSSI,1578021661258000000,0117C55D14E4,-62,F1307ECB3B90
SequenceRSSI,1578021661366000000,0117C55D14E4,-92,E6D9D20DD197
SequenceRSSI,1578021661366000000,0117C55D14E4,-87,E96AF2C858BA
SequenceRSSI,1578021661534000000,0117C55D14E4,-80,DB8B36A69C56
SequenceRSSI,1578021661595000000,0117C55D14E4,-86,E43355CA8B96
SequenceRSSI,1578021661760000000,0117C55D14E4,-85,E6D9D20DD197
SequenceRSSI,1578021661875000000,0117C55D14E4,-87,E96AF2C858BA
SequenceRSSI,1578021661876000000,0117C55D14E4,-89,FB2EE01C18CE
SequenceRSSI,1578021661907000000,0117C55D14E4,-84,E6D9D20DD197
SequenceRSSI,1578021661940000000,0117C55D14E4,-92,E6D9D20DD197
SequenceRSSI,1578021662018000000,0117C55D14E4,-87,FDAE5980F28C
SequenceRSSI,1578021662129000000,0117C55D14E4,-71,E96AF2C858BA
SequenceRSSI,1578021662129000000,0117C55D14E4,-80,E13B805C6CB0
SequenceRSSI,1578021662130000000,0117C55D14E4,-62,F1307ECB3B90
SequenceRSSI,1578021662158000000,0117C55D14E4,-74,CD4533FFC0E1
SequenceRSSI,1578021662246000000,0117C55D14E4,-72,DD697EA75B68
SequenceRSSI,1578021662283000000,0117C55D14E4,-72,CD4533FFC0E1
SequenceRSSI,1578021662311000000,0117C55D14E4,-84,E13B805C6CB0
SequenceRSSI,1578021662393000000,0117C55D14E4,-75,E96AF2C858BA
SequenceRSSI,1578021662393000000,0117C55D14E4,-91,D2B6503554D7
SequenceRSSI,1578021662447000000,0117C55D14E4,-84,FDAE5980F28C
SequenceRSSI,1578021662597000000,0117C55D14E4,-84,E6D9D20DD197
SequenceRSSI,1578021662597000000,0117C55D14E4,-75,E96AF2C858BA
SequenceRSSI,1578021662935000000,0117C55D14E4,-88,E13B805C6CB0
SequenceRSSI,1578021662939000000,0117C55D14E4,-84,FDAE5980F28C
SequenceRSSI,1578021662991000000,0117C55D14E4,-79,DB8B36A69C56
SequenceRSSI,1578021663061000000,0117C55D14E4,-72,DF231643E227
SequenceRSSI,1578021663232000000,0117C55D14E4,-74,DF231643E227
SequenceRSSI,1578021663233000000,0117C55D14E4,-92,E96AF2C858BA
SequenceRSSI,1578021663500000000,0117C55D14E4,-82,E96AF2C858BA
SequenceRSSI,1578021663652000000,0117C55D14E4,-80,E6D9D20DD197
SequenceRSSI,1578021663778000000,0117C55D14E4,-80,DD697EA75B68
SequenceRSSI,1578021663779000000,0117C55D14E4,-62,CD4533FFC0E1
SequenceRSSI,1578021663865000000,0117C55D14E4,-65,F1307ECB3B90
SequenceRSSI,1578021663896000000,0117C55D14E4,-85,FB2EE01C18CE
SequenceRSSI,1578021663937000000,0117C55D14E4,-81,DD697EA75B68
SequenceRSSI,1578021663958000000,0117C55D14E4,-84,E6D9D20DD197
SequenceRSSI,1578021664052000000,0117C55D14E4,-84,E13B805C6CB0
SequenceRSSI,1578021664052000000,0117C55D14E4,-87,E6D9D20DD197
SequenceRSSI,1578021664152000000,0117C55D14E4,-62,CD4533FFC0E1
SequenceRSSI,1578021664233000000,0117C55D14E4,-91,E6D9D20DD197
SequenceRSSI,1578021664233000000,0117C55D14E4,-81,DB8B36A69C56
SequenceRSSI,1578021664282000000,0117C55D14E4,-89,FDAE5980F28C
SequenceRSSI,1578021664360000000,0117C55D14E4,-79,E6D9D20DD197
SequenceRSSI,1578021664415000000,0117C55D14E4,-70,D2B6503554D7
SequenceRSSI,1578021664433000000,0117C55D14E4,-76,CD4533FFC0E1
SequenceRSSI,1578021664548000000,0117C55D14E4,-75,DD697EA75B68
SequenceRSSI,1578021664552000000,0117C55D14E4,-86,D2B6503554D7
SequenceRSSI,1578021664568000000,0117C55D14E4,-66,CD4533FFC0E1
SequenceRSSI,1578021664598000000,0117C55D14E4,-82,C400A2E19293
SequenceRSSI,1578021664657000000,0117C55D14E4,-68,EC72840D9AD3
SequenceRSSI,1578021664748000000,0117C55D14E4,-84,E6D9D20DD197
SequenceRSSI,1578021664844000000,0117C55D14E4,-82,DB8B36A69C56
SequenceRSSI,1578021664946000000,0117C55D14E4,-66,CD4533FFC0E1
SequenceRSSI,1578021665044000000,0117C55D14E4,-75,E96AF2C858BA
SequenceRSSI,1578021665175000000,0117C55D14E4,-83,E6D9D20DD197
SequenceRSSI,1578021665269000000,0117C55D14E4,-74,E13B805C6CB0
SequenceRSSI,1578021665380000000,0117C55D14E4,-84,E6D9D20DD197
SequenceRSSI,1578021665386000000,0117C55D14E4,-87,FB2EE01C18CE
SequenceRSSI,1578021665475000000,0117C55D14E4,-77,E13B805C6CB0
SequenceRSSI,1578021665515000000,0117C55D14E4,-91,FB2EE01C18CE
SequenceRSSI,1578021665562000000,0117C55D14E4,-82,E6D9D20DD197
SequenceRSSI,1578021665653000000,0117C55D14E4,-76,F1307ECB3B90
SequenceRSSI,1578021665966000000,0117C55D14E4,-69,CD4533FFC0E1
SequenceRSSI,1578021666039000000,0117C55D14E4,-84,FB2EE01C18CE
SequenceRSSI,1578021666094000000,0117C55D14E4,-80,E96AF2C858BA
SequenceRSSI,1578021666212000000,0117C55D14E4,-75,E96AF2C858BA
SequenceRSSI,1578021666289000000,0117C55D14E4,-73,E13B805C6CB0
SequenceRSSI,1578021666511000000,0117C55D14E4,-76,DD697EA75B68
SequenceRSSI,1578021666825000000,0117C55D14E4,-80,D2B6503554D7
SequenceRSSI,1578021666880000000,0117C55D14E4,-80,E13B805C6CB0
SequenceRSSI,1578021667017000000,0117C55D14E4,-77,E96AF2C858BA
SequenceRSSI,1578021667088000000,0117C55D14E4,-77,E6D9D20DD197
SequenceRSSI,1578021667197000000,0117C55D14E4,-90,F1307ECB3B90
SequenceRSSI,1578021667233000000,0117C55D14E4,-75,E13B805C6CB0
SequenceRSSI,1578021667250000000,0117C55D14E4,-76,E6D9D20DD197
SequenceRSSI,1578021667337000000,0117C55D14E4,-74,CD4533FFC0E1
SequenceRSSI,1578021667397000000,0117C55D14E4,-78,EC72840D9AD3
SequenceRSSI,1578021667433000000,0117C55D14E4,-78,E96AF2C858BA
SequenceRSSI,1578021667551000000,0117C55D14E4,-82,FB2EE01C18CE
SequenceRSSI,1578021667553000000,0117C55D14E4,-92,FB2EE01C18CE
SequenceRSSI,1578021667608000000,0117C55D14E4,-85,DB8B36A69C56
SequenceRSSI,1578021667672000000,0117C55D14E4,-77,E13B805C6CB0
SequenceRSSI,1578021667884000000,0117C55D14E4,-67,F69A86823B96
SequenceRSSI,1578021667965000000,0117C55D14E4,-67,F69A86823B96
SequenceRSSI,1578021668049000000,0117C55D14E4,-70,F69A86823B96
SequenceRSSI,1578021668068000000,0117C55D14E4,-72,F69A86823B96
SequenceRSSI,1578021668097000000,0117C55D14E4,-57,F69A86823B96
SequenceRSSI,1578021668178000000,0117C55D14E4,-91,C400A2E19293
SequenceRSSI,1578021668283000000,0117C55D14E4,-80,E96AF2C858BA
SequenceRSSI,1578021668283000000,0117C55D14E4,-77,E13B805C6CB0
SequenceRSSI,1578021668283000000,0117C55D14E4,-61,F69A86823B96
SequenceRSSI,1578021668345000000,0117C55D14E4,-81,E6D9D20DD197
SequenceRSSI,1578021668378000000,0117C55D14E4,-85,E96AF2C858BA
SequenceRSSI,1578021668391000000,0117C55D14E4,-81,F1307ECB3B90
SequenceRSSI,1578021668425000000,0117C55D14E4,-73,E13B805C6CB0
SequenceRSSI,1578021668443000000,0117C55D14E4,-78,D2B6503554D7
SequenceRSSI,1578021668517000000,0117C55D14E4,-74,EC72840D9AD3
SequenceRSSI,1578021668531000000,0117C55D14E4,-76,E6D9D20DD197
SequenceRSSI,1578021668531000000,0117C55D14E4,-84,D2B6503554D7
SequenceRSSI,1578021668550000000,0117C55D14E4,-81,E13B805C6CB0
SequenceRSSI,1578021668599000000,0117C55D14E4,-70,DF231643E227
SequenceRSSI,1578021668599000000,0117C55D14E4,-77,DD697EA75B68
SequenceRSSI,1578021668610000000,0117C55D14E4,-76,E96AF2C858BA
SequenceRSSI,1578021668622000000,0117C55D14E4,-55,F69A86823B96
SequenceRSSI,1578021668723000000,0117C55D14E4,-74,E13B805C6CB0
SequenceRSSI,1578021668854000000,0117C55D14E4,-84,DD697EA75B68
SequenceRSSI,1578021668854000000,0117C55D14E4,-68,CD4533FFC0E1
SequenceRSSI,1578021668855000000,0117C55D14E4,-80,EC72840D9AD3
SequenceRSSI,1578021668855000000,0117C55D14E4,-70,CD4533FFC0E1
SequenceRSSI,1578021668855000000,0117C55D14E4,-77,F1307ECB3B90
SequenceRSSI,1578021668856000000,0117C55D14E4,-67,F69A86823B96
SequenceRSSI,1578021668895000000,0117C55D14E4,-80,D2B6503554D7
SequenceRSSI,1578021669082000000,0117C55D14E4,-75,E6D9D20DD197
SequenceRSSI,1578021669182000000,0117C55D14E4,-84,E6D9D20DD197
SequenceRSSI,1578021669442000000,0117C55D14E4,-90,F1EDAF28E08A
SequenceRSSI,1578021669532000000,0117C55D14E4,-76,E96AF2C858BA
SequenceRSSI,1578021669553000000,0117C55D14E4,-74,EC72840D9AD3
SequenceRSSI,1578021669553000000,0117C55D14E4,-85,FB2EE01C18CE
SequenceRSSI,1578021669601000000,0117C55D14E4,-75,D2B6503554D7
SequenceRSSI,1578021669655000000,0117C55D14E4,-87,FB2EE01C18CE
SequenceRSSI,1578021669669000000,0117C55D14E4,-84,FDAE5980F28C
SequenceRSSI,1578021669792000000,0117C55D14E4,-87,F1EDAF28E08A
SequenceRSSI,1578021670004000000,0117C55D14E4,-68,CD4533FFC0E1
SequenceRSSI,1578021670206000000,0117C55D14E4,-78,E6D9D20DD197
SequenceRSSI,1578021670210000000,0117C55D14E4,-70,F1307ECB3B90
SequenceRSSI,1578021670250000000,0117C55D14E4,-66,DF231643E227
SequenceRSSI,1578021670289000000,0117C55D14E4,-80,DB8B36A69C56
SequenceRSSI,1578021670317000000,0117C55D14E4,-76,E6D9D20DD197
SequenceRSSI,1578021670411000000,0117C55D14E4,-55,F69A86823B96
SequenceRSSI,1578021670543000000,0117C55D14E4,-81,E96AF2C858BA
SequenceRSSI,1578021670543000000,0117C55D14E4,-63,F69A86823B96
SequenceRSSI,1578021670570000000,0117C55D14E4,-86,F1EDAF28E08A
SequenceRSSI,1578021670570000000,0117C55D14E4,-87,FB2EE01C18CE
SequenceRSSI,1578021670570000000,0117C55D14E4,-94,D2B6503554D7
SequenceRSSI,1578021670609000000,0117C55D14E4,-69,DF231643E227
SequenceRSSI,1578021670697000000,0117C55D14E4,-73,E13B805C6CB0
SequenceRSSI,1578021670697000000,0117C55D14E4,-91,C400A2E19293
SequenceRSSI,1578021670701000000,0117C55D14E4,-70,CD4533FFC0E1
SequenceRSSI,1578021670725000000,0117C55D14E4,-80,E96AF2C858BA
SequenceRSSI,1578021670725000000,0117C55D14E4,-76,DD697EA75B68
SequenceRSSI,1578021670781000000,0117C55D14E4,-86,C400A2E19293
SequenceRSSI,1578021670802000000,0117C55D14E4,-72,DB8B36A69C56
SequenceRSSI,1578021670816000000,0117C55D14E4,-68,F1307ECB3B90
SequenceRSSI,1578021670896000000,0117C55D14E4,-63,DF231643E227
SequenceRSSI,1578021670933000000,0117C55D14E4,-80,F1307ECB3B90
SequenceRSSI,1578021670955000000,0117C55D14E4,-80,E6D9D20DD197
SequenceRSSI,1578021671089000000,0117C55D14E4,-89,FB2EE01C18CE
SequenceRSSI,1578021671569000000,0117C55D14E4,-70,DF231643E227
SequenceRSSI,1578021671578000000,0117C55D14E4,-73,E96AF2C858BA
SequenceRSSI,1578021671581000000,0117C55D14E4,-74,E6D9D20DD197
SequenceRSSI,1578021671626000000,0117C55D14E4,-70,DF231643E227
SequenceRSSI,1578021671636000000,0117C55D14E4,-67,E13B805C6CB0
SequenceRSSI,1578021671694000000,0117C55D14E4,-82,D2B6503554D7
SequenceRSSI,1578021671743000000,0117C55D14E4,-63,DF231643E227
SequenceRSSI,1578021671757000000,0117C55D14E4,-88,C400A2E19293
SequenceRSSI,1578021671831000000,0117C55D14E4,-68,E13B805C6CB0
SequenceRSSI,1578021671920000000,0117C55D14E4,-55,F69A86823B96
SequenceRSSI,1578021672133000000,0117C55D14E4,-76,E6D9D20DD197
SequenceRSSI,1578021672279000000,0117C55D14E4,-68,E13B805C6CB0
SequenceRSSI,1578021672306000000,0117C55D14E4,-80,E96AF2C858BA
SequenceRSSI,1578021672348000000,0117C55D14E4,-81,E6D9D20DD197
SequenceRSSI,1578021672371000000,0117C55D14E4,-70,F69A86823B96
SequenceRSSI,1578021672457000000,0117C55D14E4,-71,E13B805C6CB0
SequenceRSSI,1578021672468000000,0117C55D14E4,-84,E6D9D20DD197
SequenceRSSI,1578021672470000000,0117C55D14E4,-71,EC72840D9AD3
SequenceRSSI,1578021672517000000,0117C55D14E4,-66,DF231643E227
SequenceRSSI,1578021672517000000,0117C55D14E4,-81,FB2EE01C18CE
SequenceRSSI,1578021672584000000,0117C55D14E4,-70,F69A86823B96
SequenceRSSI,1578021672916000000,0117C55D14E4,-83,DB8B36A69C56
SequenceRSSI,1578021672954000000,0117C55D14E4,-80,DF231643E227
SequenceRSSI,1578021672957000000,0117C55D14E4,-73,E6D9D20DD197
SequenceRSSI,1578021673092000000,0117C55D14E4,-83,E6D9D20DD197
SequenceRSSI,1578021673177000000,0117C55D14E4,-72,DF231643E227
SequenceRSSI,1578021673201000000,0117C55D14E4,-82,D2B6503554D7
SequenceRSSI,1578021673267000000,0117C55D14E4,-72,FB2EE01C18CE
SequenceRSSI,1578021673462000000,0117C55D14E4,-70,F1307ECB3B90
SequenceRSSI,1578021673463000000,0117C55D14E4,-73,F69A86823B96
SequenceRSSI,1578021673463000000,0117C55D14E4,-71,E6D9D20DD197
SequenceRSSI,1578021673463000000,0117C55D14E4,-77,C400A2E19293
SequenceRSSI,1578021673482000000,0117C55D14E4,-72,F69A86823B96
SequenceRSSI,1578021673525000000,0117C55D14E4,-65,DF231643E227
SequenceRSSI,1578021673557000000,0117C55D14E4,-89,E8FD0B453DC4
SequenceRSSI,1578021673646000000,0117C55D14E4,-67,E13B805C6CB0
SequenceRSSI,1578021673647000000,0117C55D14E4,-70,F69A86823B96
SequenceRSSI,1578021673670000000,0117C55D14E4,-72,EC72840D9AD3
SequenceRSSI,1578021673750000000,0117C55D14E4,-73,FB2EE01C18CE
SequenceRSSI,1578021673750000000,0117C55D14E4,-94,F1EDAF28E08A
SequenceRSSI,1578021673758000000,0117C55D14E4,-64,DF231643E227
SequenceRSSI,1578021673758000000,0117C55D14E4,-79,DB8B36A69C56
SequenceRSSI,1578021673877000000,0117C55D14E4,-72,E6D9D20DD197
SequenceRSSI,1578021673903000000,0117C55D14E4,-64,DF231643E227
SequenceRSSI,1578021673918000000,0117C55D14E4,-74,FB2EE01C18CE
SequenceRSSI,1578021674032000000,0117C55D14E4,-94,DB8B36A69C56
SequenceRSSI,1578021674072000000,0117C55D14E4,-71,E6D9D20DD197
SequenceRSSI,1578021674072000000,0117C55D14E4,-76,E13B805C6CB0
SequenceRSSI,1578021674169000000,0117C55D14E4,-87,DB8B36A69C56
SequenceRSSI,1578021674195000000,0117C55D14E4,-73,E96AF2C858BA
SequenceRSSI,1578021674196000000,0117C55D14E4,-73,E96AF2C858BA
SequenceRSSI,1578021674258000000,0117C55D14E4,-73,E6D9D20DD197
SequenceRSSI,1578021674417000000,0117C55D14E4,-73,E13B805C6CB0
SequenceRSSI,1578021674535000000,0117C55D14E4,-75,CD4533FFC0E1
SequenceRSSI,1578021674590000000,0117C55D14E4,-83,FB2EE01C18CE
SequenceRSSI,1578021674782000000,0117C55D14E4,-73,E6D9D20DD197
SequenceRSSI,1578021674944000000,0117C55D14E4,-75,E6D9D20DD197
SequenceRSSI,1578021674979000000,0117C55D14E4,-71,E96AF2C858BA
SequenceRSSI,1578021675068000000,0117C55D14E4,-70,E96AF2C858BA
SequenceRSSI,1578021675123000000,0117C55D14E4,-90,F1307ECB3B90
SequenceRSSI,1578021675130000000,0117C55D14E4,-75,E96AF2C858BA
SequenceRSSI,1578021675262000000,0117C55D14E4,-76,E6D9D20DD197
SequenceRSSI,1578021675320000000,0117C55D14E4,-73,E13B805C6CB0
SequenceRSSI,1578021675476000000,0117C55D14E4,-68,E96AF2C858BA
SequenceRSSI,1578021675501000000,0117C55D14E4,-91,E43355CA8B96
SequenceRSSI,1578021675554000000,0117C55D14E4,-76,F1307ECB3B90
SequenceRSSI,1578021675554000000,0117C55D14E4,-61,DF231643E227
SequenceRSSI,1578021675578000000,0117C55D14E4,-62,DF231643E227
SequenceRSSI,1578021675585000000,0117C55D14E4,-73,E6D9D20DD197
SequenceRSSI,1578021675585000000,0117C55D14E4,-65,DF231643E227
SequenceRSSI,1578021675814000000,0117C55D14E4,-71,E96AF2C858BA
SequenceRSSI,1578021675827000000,0117C55D14E4,-69,EC72840D9AD3
SequenceRSSI,1578021676105000000,0117C55D14E4,-83,FB2EE01C18CE
SequenceRSSI,1578021676114000000,0117C55D14E4,-82,FB2EE01C18CE
SequenceRSSI,1578021676128000000,0117C55D14E4,-70,E13B805C6CB0
SequenceRSSI,1578021676128000000,0117C55D14E4,-69,E96AF2C858BA
SequenceRSSI,1578021676143000000,0117C55D14E4,-87,C400A2E19293
SequenceRSSI,1578021676161000000,0117C55D14E4,-77,DF231643E227
SequenceRSSI,1578021676259000000,0117C55D14E4,-91,FB2EE01C18CE
SequenceRSSI,1578021676295000000,0117C55D14E4,-70,F69A86823B96
SequenceRSSI,1578021676301000000,0117C55D14E4,-74,E96AF2C858BA
SequenceRSSI,1578021676340000000,0117C55D14E4,-91,F1EDAF28E08A
SequenceRSSI,1578021676361000000,0117C55D14E4,-82,F69A86823B96
SequenceRSSI,1578021676387000000,0117C55D14E4,-81,D2B6503554D7
SequenceRSSI,1578021676415000000,0117C55D14E4,-82,E6D9D20DD197
SequenceRSSI,1578021676434000000,0117C55D14E4,-68,DF231643E227
SequenceRSSI,1578021676454000000,0117C55D14E4,-67,CD4533FFC0E1
SequenceRSSI,1578021676548000000,0117C55D14E4,-79,F69A86823B96
SequenceRSSI,1578021676548000000,0117C55D14E4,-87,DB8B36A69C56
SequenceRSSI,1578021676672000000,0117C55D14E4,-70,CD4533FFC0E1
SequenceRSSI,1578021676673000000,0117C55D14E4,-75,E96AF2C858BA
SequenceRSSI,1578021676716000000,0117C55D14E4,-89,D2B6503554D7
SequenceRSSI,1578021676721000000,0117C55D14E4,-68,DF231643E227
SequenceRSSI,1578021676760000000,0117C55D14E4,-71,E6D9D20DD197
SequenceRSSI,1578021676798000000,0117C55D14E4,-77,E96AF2C858BA
SequenceRSSI,1578021676839000000,0117C55D14E4,-80,FB2EE01C18CE
SequenceRSSI,1578021676839000000,0117C55D14E4,-86,F69A86823B96
SequenceRSSI,1578021676952000000,0117C55D14E4,-78,E96AF2C858BA
SequenceRSSI,1578021677011000000,0117C55D14E4,-95,FDAE5980F28C
SequenceRSSI,1578021677034000000,0117C55D14E4,-66,DF231643E227
SequenceRSSI,1578021677036000000,0117C55D14E4,-80,FB2EE01C18CE
SequenceRSSI,1578021677129000000,0117C55D14E4,-61,DF231643E227
SequenceRSSI,1578021677217000000,0117C55D14E4,-67,CD4533FFC0E1
SequenceRSSI,1578021677302000000,0117C55D14E4,-73,E6D9D20DD197
SequenceRSSI,1578021677310000000,0117C55D14E4,-75,DD697EA75B68
SequenceRSSI,1578021677328000000,0117C55D14E4,-70,F1307ECB3B90
SequenceRSSI,1578021677456000000,0117C55D14E4,-75,DD697EA75B68
SequenceRSSI,1578021677464000000,0117C55D14E4,-61,DF231643E227
SequenceRSSI,1578021677464000000,0117C55D14E4,-66,CD4533FFC0E1
SequenceRSSI,1578021677486000000,0117C55D14E4,-82,DB8B36A69C56
SequenceRSSI,1578021677625000000,0117C55D14E4,-93,E43355CA8B96
SequenceRSSI,1578021677626000000,0117C55D14E4,-68,EC72840D9AD3
SequenceRSSI,1578021677626000000,0117C55D14E4,-86,E43355CA8B96
SequenceRSSI,1578021677626000000,0117C55D14E4,-81,FDAE5980F28C
SequenceRSSI,1578021677626000000,0117C55D14E4,-75,DD697EA75B68
SequenceRSSI,1578021677627000000,0117C55D14E4,-60,DF231643E227
SequenceRSSI,1578021677627000000,0117C55D14E4,-72,EC72840D9AD3
SequenceRSSI,1578021677671000000,0117C55D14E4,-61,DF231643E227
SequenceRSSI,1578021677718000000,0117C55D14E4,-69,F1307ECB3B90
SequenceRSSI,1578021677783000000,0117C55D14E4,-84,E43355CA8B96
SequenceRSSI,1578021677799000000,0117C55D14E4,-72,E96AF2C858BA
SequenceRSSI,1578021677817000000,0117C55D14E4,-68,EC72840D9AD3
SequenceRSSI,1578021677877000000,0117C55D14E4,-62,DF231643E227
SequenceRSSI,1578021677878000000,0117C55D14E4,-72,E6D9D20DD197
SequenceRSSI,1578021677898000000,0117C55D14E4,-60,DF231643E227
SequenceRSSI,1578021677991000000,0117C55D14E4,-66,F69A86823B96
SequenceRSSI,1578021678001000000,0117C55D14E4,-83,FB2EE01C18CE
SequenceRSSI,1578021678041000000,0117C55D14E4,-87,E43355CA8B96
SequenceRSSI,1578021678065000000,0117C55D14E4,-76,F69A86823B96
SequenceRSSI,1578021678144000000,0117C55D14E4,-62,DF231643E227
SequenceRSSI,1578021678159000000,0117C55D14E4,-77,E6D9D20DD197
SequenceRSSI,1578021678261000000,0117C55D14E4,-77,DD697EA75B68
SequenceRSSI,1578021678272000000,0117C55D14E4,-69,F1307ECB3B90
SequenceRSSI,1578021678306000000,0117C55D14E4,-82,D2B6503554D7
SequenceRSSI,1578021678306000000,0117C55D14E4,-73,E6D9D20DD197
SequenceRSSI,1578021678349000000,0117C55D14E4,-84,FB2EE01C18CE
SequenceRSSI,1578021678358000000,0117C55D14E4,-72,E6D9D20DD197
SequenceRSSI,1578021678462000000,0117C55D14E4,-62,DF231643E227
SequenceRSSI,1578021678482000000,0117C55D14E4,-87,E96AF2C858BA
SequenceRSSI,1578021678580000000,0117C55D14E4,-75,E6D9D20DD197
SequenceRSSI,1578021678596000000,0117C55D14E4,-75,E96AF2C858BA
SequenceRSSI,1578021678630000000,0117C55D14E4,-60,DF231643E227
SequenceRSSI,1578021678674000000,0117C55D14E4,-75,E13B805C6CB0
SequenceRSSI,1578021678687000000,0117C55D14E4,-80,E96AF2C858BA
SequenceRSSI,1578021678706000000,0117C55D14E4,-70,CD4533FFC0E1
SequenceRSSI,1578021678713000000,0117C55D14E4,-82,E6D9D20DD197
SequenceRSSI,1578021678741000000,0117C55D14E4,-68,EC72840D9AD3
SequenceRSSI,1578021678746000000,0117C55D14E4,-62,DF231643E227
SequenceRSSI,1578021678768000000,0117C55D14E4,-94,FDAE5980F28C
SequenceRSSI,1578021678795000000,0117C55D14E4,-94,FB2EE01C18CE
SequenceRSSI,1578021678825000000,0117C55D14E4,-67,EC72840D9AD3
SequenceRSSI,1578021678857000000,0117C55D14E4,-79,FDAE5980F28C
SequenceRSSI,1578021678883000000,0117C55D14E4,-86,E43355CA8B96
SequenceRSSI,1578021678887000000,0117C55D14E4,-67,CD4533FFC0E1
SequenceRSSI,1578021678932000000,0117C55D14E4,-72,D2B6503554D7
SequenceRSSI,1578021678933000000,0117C55D14E4,-70,F1307ECB3B90
SequenceRSSI,1578021678936000000,0117C55D14E4,-62,DF231643E227
SequenceRSSI,1578021678938000000,0117C55D14E4,-74,E6D9D20DD197
SequenceRSSI,1578021678944000000,0117C55D14E4,-68,F1307ECB3B90
SequenceRSSI,1578021678953000000,0117C55D14E4,-85,E43355CA8B96
SequenceRSSI,1578021678967000000,0117C55D14E4,-78,DD697EA75B68
SequenceRSSI,1578021678967000000,0117C55D14E4,-95,E8FD0B453DC4
SequenceRSSI,1578021678986000000,0117C55D14E4,-75,DD697EA75B68
SequenceRSSI,1578021679000000000,0117C55D14E4,-82,FDAE5980F28C
SequenceRSSI,1578021679069000000,0117C55D14E4,-69,EC72840D9AD3
SequenceRSSI,1578021679069000000,0117C55D14E4,-70,CD4533FFC0E1
SequenceRSSI,1578021679069000000,0117C55D14E4,-76,E13B805C6CB0
SequenceRSSI,1578021679075000000,0117C55D14E4,-91,FB2EE01C18CE
SequenceRSSI,1578021679076000000,0117C55D14E4,-77,E96AF2C858BA
SequenceRSSI,1578021679183000000,0117C55D14E4,-77,F69A86823B96
SequenceRSSI,1578021679183000000,0117C55D14E4,-66,CD4533FFC0E1
SequenceRSSI,1578021679184000000,0117C55D14E4,-81,F69A86823B96
SequenceRSSI,1578021679204000000,0117C55D14E4,-78,D2B6503554D7
SequenceRSSI,1578021679204000000,0117C55D14E4,-68,EC72840D9AD3
SequenceRSSI,1578021679249000000,0117C55D14E4,-80,FDAE5980F28C
SequenceRSSI,1578021679268000000,0117C55D14E4,-77,F69A86823B96
SequenceRSSI,1578021679269000000,0117C55D14E4,-66,CD4533FFC0E1
SequenceRSSI,1578021679300000000,0117C55D14E4,-68,F1307ECB3B90
SequenceRSSI,1578021679310000000,0117C55D14E4,-66,F69A86823B96
SequenceRSSI,1578021679310000000,0117C55D14E4,-84,FDAE5980F28C
SequenceRSSI,1578021679394000000,0117C55D14E4,-87,DB8B36A69C56
SequenceRSSI,1578021679398000000,0117C55D14E4,-70,EC72840D9AD3
SequenceRSSI,1578021679398000000,0117C55D14E4,-80,DB8B36A69C56
SequenceRSSI,1578021679406000000,0117C55D14E4,-67,CD4533FFC0E1
